,subject,block,trial,effect,target,key,choice,choice_tcd,rt,pA,pB,pC,mA,mB,mC,pos_A,pos_B,pos_C,pA_top,pB_top,pC_top,fixated_alternatives,fixated_attributes,fixation_durations,predicted_choice,model,rep
225,1,1,1,attraction,A,L,0,target,5220.0,0.72,0.65,0.7,4,15,3,0,1,2,False,False,True,[1 0 0 0 1 2 2 2 1 2 0 0 1 1 0 1 1],[1 1 0 0 1 0 1 1 0 0 1 0 0 1 1 0 0],"[0.342    0.509    0.166    0.125    0.191    0.258    0.208    0.183
 0.166    0.3      0.116    0.408    0.2      0.483    0.225    0.1
 0.316522]",1,sb_int-additive_comp-absolute_gbatt-true_gbalt-false_lk-none_inh-free,0
226,1,1,2,filler,,M,2,,3270.0,0.16,0.46,0.87,62,21,11,2,0,1,False,True,True,[2 1 1 2 0 0 0 0 0 2 2 2 2],[0 0 1 1 0 1 1 1 0 0 0 1 1],"[0.342    0.141    0.3      0.108    0.241    0.175    0.125    0.133
 0.275    0.208    0.141    0.183    0.089363]",2,sb_int-additive_comp-absolute_gbatt-true_gbalt-false_lk-none_inh-free,0
227,1,1,3,attraction,B,R,0,competitor,5780.0,0.75,0.68,0.66,4,14,13,2,1,0,True,False,True,[2 2 1 1 0 0 0 1 2 2 2 2 1 2 0 0 0 1 1 2 1 1],[0 1 0 1 1 1 0 0 1 0 0 0 1 1 1 1 0 1 1 0 0 0],"[0.191 0.233 0.241 0.367 0.133 0.125 0.308 0.233 0.15  0.15  0.133 0.116
 0.425 0.333 0.141 0.225 0.45  0.15  0.175 0.192 0.141 0.225]",2,sb_int-additive_comp-absolute_gbatt-true_gbalt-false_lk-none_inh-free,0
228,1,1,4,compromise,B,M,2,decoy,7540.0,0.72,0.62,0.58,4,14,35,0,2,1,False,False,False,[2 2 2 0 0 0 2 1 0 0 1 1 2 1 2 2 0 1 2 2 2 0 1 1 2 2 1 2],[1 0 0 0 1 1 1 1 0 0 0 0 0 1 1 0 0 0 0 0 0 0 0 0 1 1 1 1],"[0.3      0.108    0.291    0.116    0.308    0.083    0.25     0.458
 0.141    0.166    0.15     0.183    0.125    0.317    0.283    0.342
 0.208    0.233    0.208    0.275    0.191    0.333    0.158    0.242
 0.133    0.233    0.367    0.049797]",2,sb_int-additive_comp-absolute_gbatt-true_gbalt-false_lk-none_inh-free,0
229,1,1,5,attraction,B,R,1,target,4810.0,0.72,0.62,0.6,5,15,14,0,2,1,False,False,False,[2 0 0 0 0 2 1 2 0 2 1 1 1 2 2 1 1 2 2 1],[1 1 0 0 0 0 0 1 1 1 1 0 0 0 0 1 1 1 1 1],"[0.392    0.317    0.1      0.083    0.1      0.25     0.233    0.333
 0.216    0.2      0.325    0.083    0.217    0.158    0.266    0.141
 0.175    0.1      0.166    0.109419]",1,sb_int-additive_comp-absolute_gbatt-true_gbalt-false_lk-none_inh-free,0
230,1,1,6,attraction,B,M,0,competitor,3830.0,0.78,0.62,0.6,4,15,14,1,0,2,True,True,True,[0 0 2 2 2 2 0 0 1 1 0 2 2 0 1 1 1],[0 0 0 0 1 1 1 1 1 0 0 0 1 1 1 0 0],"[0.2   0.083 0.2   0.158 0.141 0.116 0.125 0.083 0.317 0.091 0.483 0.275
 0.216 0.233 0.225 0.15  0.1  ]",2,sb_int-additive_comp-absolute_gbatt-true_gbalt-false_lk-none_inh-free,0
231,1,1,7,compromise,B,M,2,decoy,9030.0,0.75,0.65,0.55,5,14,34,0,2,1,True,False,True,[2 2 0 0 0 0 0 0 2 1 1 0 0 0 2 0 1 1 1 2 0 2 2 2 1 1 2 0 2 2 2],[0 0 0 0 1 1 0 0 0 1 0 0 0 1 1 0 1 0 0 1 1 0 0 1 0 1 0 0 1 1 0],"[0.175    0.35     0.225    0.216    0.091    0.241    0.083    0.241
 0.408    0.283    0.267    0.1      0.175    0.283    0.125    0.2
 0.308    0.183    0.1      0.358    0.3      0.175    0.383    0.267
 0.216    0.233    0.317    0.192    0.183    0.275    0.724712]",2,sb_int-additive_comp-absolute_gbatt-true_gbalt-false_lk-none_inh-free,0
232,1,1,8,compromise,B,R,1,target,6750.0,0.72,0.68,0.52,5,15,35,0,2,1,True,True,True,[2 2 2 2 0 2 2 0 0 0 0 1 1 1 1 2 2 0 1 1 2 2 1 1 2 1 1],[0 0 0 0 0 0 1 1 1 0 0 0 0 1 1 1 1 1 1 0 0 0 1 1 1 1 1],"[0.15     0.183    0.317    0.125    0.15     0.292    0.317    0.133
 0.191    0.175    0.158    0.191    0.233    0.183    0.225    0.191
 0.083    0.258    0.166    0.267    0.191    0.408    0.116    0.175
 0.367    0.216    0.566245]",0,sb_int-additive_comp-absolute_gbatt-true_gbalt-false_lk-none_inh-free,0
233,1,1,9,attraction,B,M,1,target,6390.0,0.78,0.65,0.63,5,15,14,2,1,0,True,True,True,[1 1 2 1 0 1 1 2 0 0 0 2 2 1 2 2 1 1 1 2 1],[0 0 0 0 0 0 1 1 1 0 0 0 1 1 0 0 0 0 1 1 1],"[0.2      0.15     0.241    0.158    0.408    0.133    0.333    0.25
 0.408    0.191    0.108    0.375    0.375    0.283    0.116    0.091
 0.267    0.216    0.217    0.325    0.430024]",2,sb_int-additive_comp-absolute_gbatt-true_gbalt-false_lk-none_inh-free,0
234,1,1,10,compromise,A,R,1,competitor,7390.0,0.75,0.62,0.88,4,15,3,0,2,1,True,True,False,[2 2 2 0 2 2 1 1 1 1 1 1 1 0 0 1 1 0 0 0 0 1 1 1 0 0 2 2 0 1],[1 0 1 0 1 1 1 1 0 0 1 1 0 0 0 0 0 1 1 0 0 1 1 1 1 1 0 1 0 0],"[0.317    0.408    0.175    0.15     0.208    0.133    0.191    0.275
 0.308    0.183    0.125    0.166    0.258    0.233    0.567    0.125
 0.383    0.217    0.158    0.116    0.116    0.15     0.15     0.108
 0.158    0.083    0.216    0.241    0.25     0.100577]",1,sb_int-additive_comp-absolute_gbatt-true_gbalt-false_lk-none_inh-free,0
235,1,1,11,compromise,A,M,1,competitor,5510.0,0.75,0.65,0.85,5,15,3,0,1,2,True,False,True,[1 0 1 1 1 1 2 2 2 2 1 2 2 1 0 1 1 0 0 1 1 1],[1 0 1 1 0 0 0 0 1 0 1 0 0 1 0 0 0 0 0 1 1 1],"[0.241    0.417    0.233    0.133    0.183    0.083    0.225    0.208
 0.275    0.3      0.208    0.266    0.158    0.25     0.191    0.125
 0.141    0.216    0.333    0.125    0.116    0.200834]",1,sb_int-additive_comp-absolute_gbatt-true_gbalt-false_lk-none_inh-free,0
236,1,1,12,compromise,A,M,1,competitor,3400.0,0.78,0.62,0.85,4,15,2,2,1,0,True,False,False,[1 1 2 2 0 0 0 1 2 2 2 2 2 1 0 0],[1 1 1 1 0 0 1 0 0 0 1 1 1 1 0 0],"[0.158    0.208    0.108    0.191    0.083    0.267    0.308    0.241
 0.2      0.125    0.125    0.133    0.225    0.183    0.133    0.237178]",1,sb_int-additive_comp-absolute_gbatt-true_gbalt-false_lk-none_inh-free,0
237,1,1,13,filler,,M,2,,5690.0,0.32,0.48,0.85,31,20,11,0,2,1,True,False,False,[2 2 1 0 0 0 0 1 1 1 2 2 2 1 0 2 1 2 2 2 1],[0 0 0 0 0 0 1 0 0 0 0 0 1 1 1 1 1 1 0 0 0],"[0.133 0.275 0.266 0.333 0.083 0.225 0.308 0.125 0.25  0.116 0.091 0.283
 0.483 0.15  0.325 0.083 0.442 0.233 0.133 0.175 0.183]",2,sb_int-additive_comp-absolute_gbatt-true_gbalt-false_lk-none_inh-free,0
238,1,1,14,compromise,A,R,1,competitor,4070.0000000000014,0.78,0.68,0.85,4,15,2,1,2,0,False,True,True,[0 0 0 2 2 1 1 1 1 1 0 0 0 0 0 2 1 1],[1 1 0 0 0 0 0 1 1 0 1 1 0 0 1 0 0 0],"[0.125    0.175    0.183    0.208    0.2      0.133    0.342    0.141
 0.292    0.258    0.191    0.141    0.141    0.141    0.3      0.317
 0.1      0.028928]",1,sb_int-additive_comp-absolute_gbatt-true_gbalt-false_lk-none_inh-free,0
239,1,1,15,compromise,B,M,1,target,3980.0,0.75,0.68,0.55,4,14,34,2,1,0,True,True,True,[1 0 0 1 2 2 1 0 0 1 1 2 2 1],[0 1 1 1 1 0 1 1 0 0 1 1 0 0],"[0.275    0.158    0.3      0.225    0.166    0.3      0.25     0.083
 0.3      0.367    0.175    0.25     0.242    0.154532]",2,sb_int-additive_comp-absolute_gbatt-true_gbalt-false_lk-none_inh-free,0
240,1,1,16,compromise,A,R,1,competitor,7220.0,0.72,0.68,0.82,5,15,2,0,2,1,True,True,False,[2 2 2 2 2 2 2 1 1 1 0 0 1 1 1 0 0 2 0 0 0 1 1 1 1 1 1 1 2 2],[1 1 0 0 1 1 0 1 0 0 0 0 0 0 1 1 1 0 1 0 0 0 0 1 1 1 0 0 1 1],"[0.258    0.35     0.125    0.2      0.116    0.25     0.175    0.3
 0.191    0.358    0.533    0.141    0.125    0.175    0.267    0.308
 0.141    0.258    0.2      0.175    0.116    0.125    0.141    0.25
 0.1      0.158    0.217    0.091    0.116    0.045527]",1,sb_int-additive_comp-absolute_gbatt-true_gbalt-false_lk-none_inh-free,0
241,1,1,17,compromise,A,L,1,competitor,3940.0,0.72,0.68,0.82,5,15,2,2,0,1,False,False,False,[2 2 1 2 0 2 2 0 0 1 1 1 0 0 0 1],[1 1 1 1 1 0 0 0 1 0 1 1 1 0 0 0],"[0.216    0.266    0.383    0.175    0.35     0.116    0.283    0.191
 0.108    0.216    0.183    0.083    0.317    0.116    0.183    0.196408]",1,sb_int-additive_comp-absolute_gbatt-true_gbalt-false_lk-none_inh-free,0
242,1,1,18,compromise,A,L,1,competitor,3870.0,0.78,0.65,0.82,5,14,2,2,0,1,False,False,False,[1 1 1 1 2 0 0 1 1 0 0 0 0 2 1],[0 1 0 0 0 0 0 1 1 1 1 0 0 0 1],"[0.191 0.15  0.208 0.325 0.091 0.225 0.333 0.1   0.158 0.133 0.283 0.133
 0.2   0.266 0.133]",1,sb_int-additive_comp-absolute_gbatt-true_gbalt-false_lk-none_inh-free,0
243,1,1,19,attraction,A,L,1,competitor,4710.0,0.72,0.65,0.7,4,14,3,2,0,1,True,True,True,[2 1 1 1 1 2 2 0 0 0 2 1 2 2 0 1 1],[0 0 0 1 1 1 1 1 0 0 1 1 0 0 0 0 1],"[0.317    0.317    0.183    0.2      0.108    0.116    0.108    0.242
 0.216    0.425    0.175    0.283    0.083    0.125    0.133    0.367
 0.555512]",1,sb_int-additive_comp-absolute_gbatt-true_gbalt-false_lk-none_inh-free,0
244,1,1,20,attraction,A,L,1,competitor,5560.0,0.75,0.65,0.73,5,15,4,2,0,1,False,False,True,[1 2 2 2 2 0 1 1 1 2 2 0 0 2 2 1 1 1 1 0 0 2 1],[1 0 0 1 1 0 1 1 0 1 1 0 1 0 0 1 1 0 0 0 0 1 0],"[0.367    0.241    0.083    0.258    0.158    0.367    0.283    0.166
 0.35     0.108    0.133    0.158    0.25     0.141    0.325    0.283
 0.125    0.141    0.158    0.191    0.125    0.2      0.063175]",1,sb_int-additive_comp-absolute_gbatt-true_gbalt-false_lk-none_inh-free,0
245,1,1,21,compromise,B,R,0,competitor,9910.0,0.75,0.62,0.58,5,14,35,2,1,0,False,True,True,"[2 1 1 1 2 2 1 1 1 1 1 0 0 1 1 2 2 1 1 0 0 0 0 0 1 1 1 0 2 2 2 0 0 0 0 1 1
 1 2 0]","[0 0 0 1 1 1 0 0 0 0 0 1 1 0 0 1 0 0 0 1 0 0 0 1 0 0 1 0 1 0 0 1 0 1 1 0 0
 1 1 0]","[0.35     0.083    0.358    0.2      0.166    0.183    0.116    0.1
 0.283    0.208    0.116    0.091    0.2      0.166    0.125    0.325
 0.292    0.191    0.116    0.25     0.183    0.191    0.083    0.208
 0.225    0.141    0.316    0.208    0.133    0.375    0.317    0.292
 0.15     0.283    0.083    0.175    0.175    0.35     0.141    0.217632]",2,sb_int-additive_comp-absolute_gbatt-true_gbalt-false_lk-none_inh-free,0
246,1,1,22,attraction,B,L,1,target,4250.0,0.75,0.65,0.63,4,14,13,1,0,2,False,False,False,[1 1 1 0 2 2 0 0 1 1 2 0 0 0 0 0 1],[1 1 0 0 0 0 0 0 0 1 1 1 1 0 0 1 1],"[0.083    0.2      0.233    0.191    0.225    0.292    0.183    0.091
 0.208    0.342    0.4      0.266    0.108    0.183    0.241    0.225
 0.120995]",0,sb_int-additive_comp-absolute_gbatt-true_gbalt-false_lk-none_inh-free,0
247,1,1,23,compromise,B,L,1,target,5850.0,0.72,0.68,0.58,4,15,35,1,0,2,True,False,True,[1 0 0 2 2 1 2 1 1 1 1 1 1 1 1 0 0 0],[1 0 1 1 0 1 1 0 1 1 0 1 0 0 1 0 1 1],"[0.333    0.6      0.275    0.242    0.158    0.116    0.342    0.25
 0.25     0.342    0.342    0.241    0.125    0.175    0.216    0.417
 0.225    0.050611]",2,sb_int-additive_comp-absolute_gbatt-true_gbalt-false_lk-none_inh-free,0
248,1,1,24,compromise,B,L,1,target,8480.0,0.72,0.65,0.55,4,15,35,1,0,2,False,True,True,[1 1 1 1 1 0 0 2 2 2 2 0 1 2 1 1 2 2 2 0 1 1 0 1 1 0 0 0 0 0 0 1 1 1 0 0 1],[0 1 1 0 0 0 0 1 1 0 0 1 0 0 1 1 0 0 1 0 1 1 0 0 0 1 1 1 0 0 1 0 1 1 0 0 0],"[0.217    0.25     0.183    0.208    0.141    0.192    0.175    0.125
 0.225    0.217    0.166    0.241    0.191    0.241    0.133    0.225
 0.15     0.141    0.242    0.125    0.183    0.116    0.183    0.158
 0.225    0.091    0.175    0.091    0.208    0.091    0.083    0.25
 0.175    0.175    0.091    0.141    0.103572]",2,sb_int-additive_comp-absolute_gbatt-true_gbalt-false_lk-none_inh-free,0
249,1,1,25,compromise,B,L,1,target,5420.0,0.72,0.65,0.52,5,15,34,1,0,2,False,False,True,[1 1 1 0 0 2 2 2 0 0 0 0 0 2 1 0 1 1 1 0 2 0],[1 0 0 0 1 0 1 1 1 0 1 0 0 1 0 1 1 0 0 0 1 0],"[0.283    0.158    0.166    0.15     0.108    0.358    0.233    0.133
 0.241    0.225    0.183    0.166    0.158    0.325    0.283    0.141
 0.267    0.208    0.175    0.15     0.225    0.015335]",2,sb_int-additive_comp-absolute_gbatt-true_gbalt-false_lk-none_inh-free,0
250,1,1,26,compromise,A,R,1,competitor,8640.0,0.75,0.62,0.88,5,15,2,1,2,0,True,True,False,[2 2 2 2 2 0 0 1 1 1 1 1 0 0 1 1 1 0 2 0 0 2 2 0 0 1 1 1 1 1 1 1],[1 1 0 1 1 1 1 1 0 0 1 1 0 1 1 0 0 0 1 0 1 0 0 1 0 0 1 1 0 1 1 0],"[0.091    0.317    0.15     0.216    0.216    0.242    0.133    0.191
 0.308    0.308    0.2      0.083    0.367    0.35     0.275    0.175
 0.175    0.091    0.333    0.25     0.25     0.242    0.175    0.141
 0.383    0.4      0.091    0.1      0.375    0.1      0.125    0.295031]",1,sb_int-additive_comp-absolute_gbatt-true_gbalt-false_lk-none_inh-free,0
251,1,1,27,compromise,A,M,1,competitor,9810.0,0.72,0.65,0.82,5,15,2,0,1,2,True,False,False,[0 1 1 2 2 2 2 1 1 1 1 0 0 0 0 0 0 1 1 1 2 2 1 0 1 0 0 0 0 1 1 1 1 1],[0 1 1 1 0 0 0 0 0 1 1 0 0 1 0 0 0 0 0 1 1 0 0 1 1 0 1 0 0 1 0 1 0 0],"[0.333    0.534    0.083    0.483    0.1      0.183    0.141    0.258
 0.208    0.292    0.275    0.191    0.183    0.258    0.2      0.2
 0.116    0.1      0.25     0.3      0.367    0.292    0.241    0.233
 0.083    0.225    0.291    0.258    0.559    0.2      0.2      0.392
 0.083    0.092366]",1,sb_int-additive_comp-absolute_gbatt-true_gbalt-false_lk-none_inh-free,0
252,1,1,28,compromise,B,R,1,target,8880.0,0.78,0.62,0.55,5,14,35,0,2,1,False,True,True,[0 0 2 2 2 1 1 1 2 2 2 0 0 2 2 2 1 1 1 1 0 2 1 2 0 0 2 0 0 0 1 1 1],[1 1 0 0 1 0 1 1 1 0 0 0 0 1 0 1 0 0 1 0 1 0 1 1 0 0 1 1 0 0 0 0 0],"[0.175    0.233    0.25     0.083    0.15     0.191    0.083    0.25
 0.158    0.191    0.166    0.208    0.116    0.108    0.316    0.208
 0.191    0.241    0.275    0.183    0.242    0.3      0.208    0.25
 0.258    0.308    0.183    0.241    0.183    0.2      0.2      0.283
 0.191562]",2,sb_int-additive_comp-absolute_gbatt-true_gbalt-false_lk-none_inh-free,0
253,1,1,29,filler,,R,2,,3770.0,0.27,0.47,0.86,37,21,11,0,1,2,True,False,True,[0 0 0 0 1 1 2 2 2 2 2 2 0],[0 0 0 1 0 1 0 1 1 0 0 0 0],"[0.408    0.175    0.216    0.275    0.2      0.333    0.317    0.158
 0.175    0.091    0.375    0.083    0.128917]",2,sb_int-additive_comp-absolute_gbatt-true_gbalt-false_lk-none_inh-free,0
254,1,1,30,attraction,B,M,1,target,8960.0,0.78,0.65,0.63,4,15,14,0,1,2,True,True,True,[1 0 0 0 0 1 1 1 1 2 2 1 1 0 2 2 1 1 2 2 2 1 1 2 1 1 1 0 0 1 0 0],[0 0 0 0 0 0 0 0 0 0 0 0 1 1 1 1 1 1 1 1 0 0 1 1 1 1 0 0 1 1 0 0],"[0.367 0.183 0.191 0.425 0.275 0.233 0.108 0.3   0.225 0.241 0.116 0.275
 0.3   0.233 0.175 0.292 0.15  0.225 0.216 0.083 0.175 0.383 0.208 0.275
 0.175 0.108 0.25  0.442 0.3   0.133 0.1   0.275]",2,sb_int-additive_comp-absolute_gbatt-true_gbalt-false_lk-none_inh-free,0
255,1,1,31,attraction,B,L,1,target,6380.0,0.72,0.68,0.66,5,14,13,1,0,2,False,True,True,[1 1 1 1 0 0 0 0 1 1 0 0 2 0 0 0 1 1 1 1 1 2 2 0 0 0],[0 0 0 1 1 1 0 0 0 0 0 0 1 0 1 1 1 1 1 0 0 0 0 1 0 1],"[0.083    0.116    0.1      0.15     0.083    0.216    0.292    0.15
 0.2      0.525    0.083    0.125    0.4      0.216    0.192    0.175
 0.166    0.258    0.183    0.291    0.091    0.2      0.116    0.275
 0.241    0.073385]",1,sb_int-additive_comp-absolute_gbatt-true_gbalt-false_lk-none_inh-free,0
256,1,1,32,attraction,A,R,1,competitor,4880.0,0.72,0.68,0.7,4,14,3,1,2,0,False,False,True,[2 2 2 2 0 0 2 2 0 0 1 1 1 1 1 0 2 0 0 1],[1 1 1 0 1 0 1 1 1 1 1 0 0 1 1 1 0 1 1 1],"[0.183    0.091    0.158    0.283    0.116    0.283    0.191    0.2
 0.083    0.258    0.292    0.175    0.216    0.158    0.15     0.141
 0.233    0.25     0.175    0.106014]",1,sb_int-additive_comp-absolute_gbatt-true_gbalt-false_lk-none_inh-free,0
257,1,1,33,compromise,B,L,1,target,8780.0,0.72,0.62,0.55,5,14,35,1,0,2,False,False,False,[0 0 2 2 2 2 2 0 0 1 1 1 1 0 0 0 2 2 2 2 1 1 0 0 0 0 0 0 2 1 1 0 1],[1 0 0 1 1 0 0 1 1 1 0 1 1 0 0 0 0 0 1 1 1 1 1 1 0 0 1 0 0 0 1 1 1],"[0.233    0.1      0.166    0.191    0.35     0.108    0.116    0.158
 0.233    0.508    0.208    0.233    0.15     0.083    0.125    0.166
 0.225    0.083    0.192    0.158    0.125    0.158    0.308    0.125
 0.091    0.3      0.4      0.25     0.233    0.241    0.225    0.659
 0.447305]",2,sb_int-additive_comp-absolute_gbatt-true_gbalt-false_lk-none_inh-free,0
258,1,1,34,compromise,B,R,1,target,7300.0,0.72,0.68,0.55,4,14,35,1,2,0,True,False,True,[2 2 2 2 2 2 0 2 0 0 1 1 1 1 0 0 0 1 1 1 1 2 2 1 1 1 1 1 1 0],[0 0 1 0 1 1 1 0 0 0 1 1 0 0 1 0 0 1 1 0 0 1 0 1 1 0 0 1 1 0],"[0.15     0.125    0.225    0.367    0.175    0.083    0.166    0.4
 0.233    0.125    0.275    0.108    0.183    0.233    0.275    0.225
 0.217    0.275    0.108    0.166    0.141    0.317    0.2      0.216
 0.242    0.241    0.141    0.158    0.15     0.142981]",2,sb_int-additive_comp-absolute_gbatt-true_gbalt-false_lk-none_inh-free,0
259,1,1,35,compromise,A,M,1,competitor,4230.0,0.78,0.68,0.88,4,15,3,0,1,2,False,True,False,[1 1 0 0 0 0 1 1 1 1 2 2 2 2 1 0],[0 0 1 1 0 0 1 0 0 1 0 1 0 0 1 0],"[0.175 0.175 0.125 0.166 0.091 0.4   0.258 0.325 0.141 0.216 0.216 0.392
 0.258 0.15  0.108 0.216]",1,sb_int-additive_comp-absolute_gbatt-true_gbalt-false_lk-none_inh-free,0
260,1,1,36,compromise,A,R,1,competitor,9150.0,0.75,0.65,0.82,5,15,2,0,2,1,True,False,False,[2 0 0 0 0 0 2 2 2 1 1 2 2 0 2 2 2 0 0 0 0 1 1 1 0 0 0 1 1 1 1 1 1 1 0 0],[1 0 0 1 0 0 1 0 0 0 1 1 1 1 0 0 1 0 1 0 0 1 0 0 0 0 1 1 0 0 1 0 0 1 0 0],"[0.258   0.125   0.1     0.225   0.25    0.383   0.166   0.208   0.283
 0.467   0.3     0.183   0.183   0.125   0.166   0.175   0.208   0.266
 0.241   0.208   0.1     0.358   0.175   0.166   0.166   0.141   0.175
 0.167   0.25    0.091   0.542   0.175   0.158   0.283   0.15    0.12006]",1,sb_int-additive_comp-absolute_gbatt-true_gbalt-false_lk-none_inh-free,0
261,1,1,37,compromise,B,L,1,target,6030.0,0.72,0.62,0.55,5,14,35,2,0,1,False,True,True,[2 1 2 0 0 2 1 1 1 1 1 1 0 0 1 1 2 0 2 2 2],[0 0 0 1 1 0 0 0 1 0 0 1 0 1 0 1 1 0 1 1 0],"[0.116    0.308    0.183    0.1      0.342    0.158    0.083    0.292
 0.275    0.175    0.291    0.15     0.358    0.333    0.317    0.208
 0.083    0.308    0.083    0.2      0.433201]",2,sb_int-additive_comp-absolute_gbatt-true_gbalt-false_lk-none_inh-free,0
262,1,1,38,attraction,A,R,1,competitor,2960.0,0.78,0.62,0.76,4,15,3,1,2,0,False,False,False,[2 2 2 0 0 1 1 0 1 1 0],[1 1 0 0 0 0 1 1 0 0 0],"[0.091    0.241    0.175    0.083    0.125    0.291    0.333    0.35
 0.15     0.266    0.113775]",2,sb_int-additive_comp-absolute_gbatt-true_gbalt-false_lk-none_inh-free,0
263,1,1,39,compromise,A,L,1,competitor,3780.0,0.78,0.68,0.88,5,15,2,1,0,2,True,True,True,[1 1 0 1 1 2 2 2 2 0 1 1 1 0],[0 0 0 0 1 0 1 1 0 0 0 0 1 1],"[0.175    0.133    0.358    0.233    0.216    0.25     0.091    0.108
 0.333    0.3      0.091    0.216    0.216    0.254754]",0,sb_int-additive_comp-absolute_gbatt-true_gbalt-false_lk-none_inh-free,0
264,1,1,40,filler,,R,2,,3630.0,0.24,0.37,0.76,41,27,13,0,1,2,True,False,False,[0 0 1 0 0 0 1 2 2 2 1 2 2 2 1 1],[0 0 1 0 0 1 0 0 0 1 1 1 0 0 0 1],"[0.175    0.191    0.166    0.192    0.133    0.35     0.333    0.208
 0.1      0.125    0.208    0.267    0.116    0.208    0.233    0.035476]",2,sb_int-additive_comp-absolute_gbatt-true_gbalt-false_lk-none_inh-free,0
265,1,1,41,attraction,A,L,0,target,4980.0,0.72,0.62,0.7,5,15,4,0,1,2,True,True,False,[1 2 1 0 0 0 1 1 1 0 2 2 0 0 0 1 1 1 1],[0 1 0 0 0 1 1 1 0 0 1 0 1 0 0 0 0 1 1],"[0.292    0.358    0.116    0.233    0.2      0.308    0.091    0.225
 0.125    0.191    0.208    0.325    0.2      0.291    0.15     0.216
 0.141    0.208    0.281712]",1,sb_int-additive_comp-absolute_gbatt-true_gbalt-false_lk-none_inh-free,0
266,1,1,42,attraction,A,M,1,competitor,8210.0,0.78,0.68,0.76,4,15,3,0,1,2,False,True,True,[0 0 0 0 0 1 1 1 1 2 2 2 0 0 0 0 1 2 1 2 0 0 0 0 2 2 2 1 1 1 1 1 1 1],[1 0 1 0 0 1 1 0 0 1 1 0 1 1 0 0 0 0 0 1 0 1 0 0 1 1 0 0 1 0 0 1 1 0],"[0.15     0.208    0.35     0.15     0.141    0.208    0.108    0.267
 0.108    0.141    0.158    0.316    0.15     0.166    0.133    0.2
 0.091    0.317    0.15     0.216    0.333    0.358    0.1      0.166
 0.158    0.233    0.25     0.183    0.4      0.158    0.242    0.166
 0.283    0.339903]",1,sb_int-additive_comp-absolute_gbatt-true_gbalt-false_lk-none_inh-free,0
267,1,1,43,attraction,B,R,0,competitor,5490.0,0.78,0.65,0.63,5,15,14,2,0,1,False,True,True,[2 2 1 1 1 1 2 0 0 2 2 2 2 2 0 2 0 0 0 1],[0 0 0 0 1 1 1 0 1 0 1 1 0 0 1 0 0 1 1 0],"[0.2      0.15     0.367    0.166    0.15     0.166    0.216    0.35
 0.375    0.567    0.158    0.133    0.133    0.342    0.216    0.308
 0.1      0.2      0.083    0.311791]",0,sb_int-additive_comp-absolute_gbatt-true_gbalt-false_lk-none_inh-free,0
268,1,1,44,filler,,R,2,,6160.0,0.32,0.6,0.78,31,16,12,1,0,2,True,True,False,[0 0 1 1 1 1 1 1 1 1 0 0 2 2 2 2 1 0 0 2 2 2],[0 0 0 0 0 1 0 0 0 1 0 0 1 0 0 1 1 1 1 0 1 1],"[0.175    0.208    0.2      0.258    0.291    0.258    0.1      0.25
 0.241    0.2      0.241    0.15     0.575    0.225    0.175    0.417
 0.308    0.141    0.175    0.15     0.091    0.129184]",1,sb_int-additive_comp-absolute_gbatt-true_gbalt-false_lk-none_inh-free,0
269,1,1,45,compromise,B,R,1,target,3880.0,0.78,0.65,0.52,5,14,34,0,2,1,False,True,False,[2 0 0 0 0 0 1 1 1 1 2 2 2 2],[0 0 1 1 0 0 0 0 1 1 1 0 1 0],"[0.367   0.125   0.175   0.175   0.166   0.1     0.35    0.116   0.166
 0.15    0.267   0.158   0.291   0.11142]",2,sb_int-additive_comp-absolute_gbatt-true_gbalt-false_lk-none_inh-free,0
270,1,1,46,attraction,A,L,0,target,7040.0,0.75,0.65,0.73,5,14,4,0,1,2,True,True,False,[1 2 2 0 0 1 2 2 1 1 1 0 0 0 2 2 2 0 0 1 2 2 2 1 0 0 2 2 0],[0 1 1 0 0 0 0 0 0 0 1 1 0 0 1 0 0 1 1 1 0 0 1 1 1 0 1 0 0],"[0.317    0.141    0.158    0.183    0.458    0.175    0.108    0.367
 0.225    0.15     0.225    0.242    0.192    0.183    0.25     0.225
 0.15     0.116    0.2      0.166    0.291    0.083    0.266    0.116
 0.166    0.108    0.191    0.208    0.114582]",1,sb_int-additive_comp-absolute_gbatt-true_gbalt-false_lk-none_inh-free,0
271,1,1,47,attraction,A,L,1,competitor,5050.0,0.72,0.65,0.7,4,15,3,2,0,1,False,False,True,[1 1 1 1 2 2 0 0 2 2 0 0 1 0 1 1 1 1 1 2],[1 1 0 0 1 1 0 1 0 1 0 0 0 1 1 1 0 0 1 0],"[0.133    0.333    0.1      0.175    0.1      0.125    0.15     0.241
 0.317    0.116    0.225    0.133    0.175    0.317    0.125    0.425
 0.108    0.116    0.225    0.197084]",1,sb_int-additive_comp-absolute_gbatt-true_gbalt-false_lk-none_inh-free,0
272,1,1,48,attraction,A,M,1,competitor,7860.0,0.72,0.65,0.7,5,15,4,2,1,0,True,False,False,[1 2 2 1 1 1 1 2 2 2 1 1 1 1 0 0 0 1 2 2 2 1 2 1],[1 1 1 0 0 0 1 1 0 1 0 0 0 1 0 1 0 1 1 0 1 0 1 1],"[0.191   0.458   0.225   0.175   0.375   0.183   0.15    0.659   0.208
 0.333   0.216   0.266   0.208   0.225   0.225   0.375   0.216   0.283
 0.275   0.216   0.417   0.216   0.233   0.07226]",0,sb_int-additive_comp-absolute_gbatt-true_gbalt-false_lk-none_inh-free,0
273,1,1,49,compromise,B,R,2,decoy,11290.0,0.72,0.65,0.58,4,15,34,1,0,2,True,False,False,"[0 0 0 0 1 2 2 2 2 2 1 1 0 0 0 2 2 1 2 2 1 1 1 2 2 2 1 1 2 2 1 1 1 2 2 2 1
 1 1 1 2 2 2 2 1]","[1 1 0 0 0 0 0 0 1 1 1 1 0 1 1 0 0 0 1 1 1 0 1 0 1 1 1 1 1 0 1 0 0 0 0 1 1
 1 0 0 0 0 1 1 1]","[0.166    0.158    0.125    0.1      0.292    0.141    0.158    0.141
 0.3      0.15     0.217    0.158    0.133    0.166    0.15     0.1
 0.2      0.275    0.166    0.175    0.45     0.225    0.15     0.333
 0.125    0.15     0.091    0.383    0.241    0.317    0.225    0.083
 0.091    0.158    0.367    0.358    0.183    0.317    0.141    0.166
 0.108    0.342    0.133    0.2      0.189757]",2,sb_int-additive_comp-absolute_gbatt-true_gbalt-false_lk-none_inh-free,0
274,1,1,50,compromise,B,L,2,decoy,7600.0,0.75,0.62,0.58,4,15,34,1,2,0,True,True,False,[2 2 1 2 2 0 1 1 1 0 0 0 1 1 1 1 2 2 2 1 1 1 1 1 1 1 1 0 2],[1 1 0 0 0 1 1 0 0 0 1 1 1 1 0 0 1 1 0 0 0 0 0 0 1 1 0 0 1],"[0.208    0.116    0.242    0.133    0.275    0.175    0.275    0.183
 0.216    0.483    0.2      0.133    0.208    0.125    0.15     0.133
 0.133    0.233    0.25     0.208    0.208    0.208    0.091    0.108
 0.083    0.158    0.25     0.233    0.627789]",2,sb_int-additive_comp-absolute_gbatt-true_gbalt-false_lk-none_inh-free,0
275,1,1,51,attraction,A,M,1,competitor,2620.0,0.75,0.65,0.73,4,15,3,0,1,2,False,True,False,[0 0 0 2 2 2 1 1 1],[1 0 0 0 1 1 0 1 0],"[0.175    0.15     0.133    0.258    0.083    0.116    0.383    0.342
 0.157754]",2,sb_int-additive_comp-absolute_gbatt-true_gbalt-false_lk-none_inh-free,0
276,1,1,52,attraction,B,M,1,target,5100.0,0.75,0.62,0.6,4,15,14,0,1,2,False,True,True,[0 0 0 1 1 2 1 1 2 2 0 0 0 0 2 1 2 1 1 1 1],[1 0 0 1 0 0 1 1 1 0 1 1 0 0 1 1 0 0 1 0 0],"[0.241    0.15     0.166    0.25     0.358    0.15     0.2      0.1
 0.225    0.266    0.325    0.116    0.166    0.116    0.217    0.1
 0.467    0.3      0.216    0.108    0.025008]",0,sb_int-additive_comp-absolute_gbatt-true_gbalt-false_lk-none_inh-free,0
277,1,1,53,attraction,A,M,1,competitor,6260.0,0.75,0.65,0.73,5,15,4,2,1,0,False,False,False,[2 2 2 1 1 1 0 0 1 2 1 1 1 0 0 1 1 2 0 0 2 2 2 1],[1 0 0 0 0 1 1 1 1 1 1 0 0 0 1 1 1 1 0 0 1 0 0 0],"[0.375    0.225    0.125    0.083    0.25     0.417    0.4      0.108
 0.183    0.408    0.2      0.233    0.083    0.233    0.317    0.108
 0.2      0.217    0.158    0.25     0.208    0.183    0.125    0.261029]",0,sb_int-additive_comp-absolute_gbatt-true_gbalt-false_lk-none_inh-free,0
278,1,1,54,attraction,B,L,1,target,7000.0,0.78,0.68,0.66,4,14,13,1,0,2,False,False,True,[0 0 1 1 1 2 2 2 2 1 2 2 1 1 0 2 2 2 1 2 2 1 1 1 1 0],[1 0 0 0 1 0 0 1 1 1 0 0 1 0 0 1 0 0 1 0 1 1 1 0 0 0],"[0.275    0.183    0.083    0.175    0.267    0.2      0.183    0.183
 0.158    0.141    0.317    0.392    0.175    0.291    0.216    0.35
 0.216    0.191    0.158    0.3      0.317    0.191    0.25     0.083
 0.133    0.124069]",2,sb_int-additive_comp-absolute_gbatt-true_gbalt-false_lk-none_inh-free,0
279,1,1,55,filler,,R,2,,3670.0,0.19,0.56,0.8,52,17,12,1,0,2,True,False,False,[1 1 0 0 0 2 2 2 1 0 1 1 0],[0 0 1 0 0 1 0 0 0 1 1 1 1],"[0.183    0.083    0.375    0.116    0.2      0.475    0.25     0.225
 0.258    0.15     0.091    0.25     0.104925]",2,sb_int-additive_comp-absolute_gbatt-true_gbalt-false_lk-none_inh-free,0
280,1,1,56,compromise,B,R,2,decoy,5100.0,0.72,0.68,0.58,5,14,35,0,1,2,False,False,False,[2 2 2 2 2 2 2 1 0 1 1 0 0 1 0 0 1 1 1 1 2],[1 1 0 0 0 1 1 1 1 0 0 0 1 1 0 0 0 0 1 0 0],"[0.133    0.308    0.258    0.317    0.191    0.25     0.15     0.241
 0.166    0.166    0.2      0.233    0.258    0.217    0.116    0.091
 0.258    0.125    0.283    0.158    0.040552]",2,sb_int-additive_comp-absolute_gbatt-true_gbalt-false_lk-none_inh-free,0
281,1,1,57,filler,,R,2,,6680.0,0.28,0.67,0.78,35,14,12,1,0,2,False,True,False,[0 0 0 2 2 2 0 1 1 0 0 0 1 1 1 1 1 2 2 1 2 2 2 1],[1 1 1 1 0 0 0 1 1 1 1 0 1 0 0 1 1 1 0 0 1 1 0 1],"[0.125    0.125    0.108    0.35     0.216    0.141    0.25     0.25
 0.125    0.125    0.183    0.292    0.158    0.225    0.325    0.175
 0.158    0.116    0.191    0.225    0.141    0.826    0.308    0.124206]",1,sb_int-additive_comp-absolute_gbatt-true_gbalt-false_lk-none_inh-free,0
282,1,1,58,attraction,B,M,1,target,4550.0,0.78,0.62,0.6,4,14,13,0,1,2,False,False,False,[1 0 0 0 1 2 1 1 2 2 2 1 2 2 1 1 2 2],[1 1 0 0 0 0 1 1 1 0 0 0 1 1 1 0 1 0],"[0.158    0.266    0.225    0.116    0.258    0.125    0.208    0.083
 0.275    0.183    0.233    0.225    0.2      0.233    0.183    0.241
 0.283    0.174068]",0,sb_int-additive_comp-absolute_gbatt-true_gbalt-false_lk-none_inh-free,0
283,1,1,59,attraction,A,M,0,target,5870.0,0.75,0.65,0.73,5,14,4,1,2,0,True,False,False,[0 0 0 2 2 1 1 1 1 1 2 2 2 2 0 0 2 0 1 1 1 1 0 0 0],[0 1 1 0 1 1 1 0 0 1 1 1 0 0 1 0 1 0 1 1 0 0 0 0 1],"[0.317    0.191    0.133    0.233    0.15     0.192    0.208    0.208
 0.141    0.1      0.225    0.183    0.158    0.133    0.258    0.141
 0.258    0.191    0.183    0.125    0.091    0.333    0.133    0.467
 0.192063]",1,sb_int-additive_comp-absolute_gbatt-true_gbalt-false_lk-none_inh-free,0
284,1,1,60,filler,,R,2,,6710.0,0.19,0.59,0.81,52,16,12,0,1,2,True,False,True,[1 1 0 0 0 2 2 0 0 2 2 1 2 2 2 2 1 2 2 1 2 1 1],[1 0 0 0 0 0 0 0 1 1 1 1 1 1 0 0 0 0 0 1 1 1 1],"[0.492    0.2      0.475    0.25     0.183    0.191    0.091    0.141
 0.317    0.141    0.358    0.442    0.116    0.208    0.191    0.166
 0.325    0.166    0.15     0.108    0.275    0.083    0.292493]",2,sb_int-additive_comp-absolute_gbatt-true_gbalt-false_lk-none_inh-free,0
285,1,1,61,attraction,B,R,1,target,15080.0,0.72,0.62,0.6,4,15,14,0,2,1,True,True,True,"[2 0 0 2 2 1 1 1 2 1 1 1 1 1 1 1 1 2 2 1 1 1 1 1 1 1 1 1 1 1 1 1 2 2 1 1 1
 1 1 1 2 1 1 2 0 0 1 1 2 2 1 1]","[0 0 0 0 0 0 0 1 1 0 0 0 1 1 1 0 0 1 0 0 0 0 0 0 0 0 0 0 0 0 0 0 0 0 0 1 1
 0 0 0 0 0 1 1 1 0 0 0 0 1 1 0]","[0.2      0.217    0.208    0.15     0.266    0.233    0.158    0.225
 0.25     0.108    0.283    0.375    0.25     0.442    0.166    0.083
 0.158    0.158    0.158    0.116    0.1      0.116    0.091    0.291
 0.233    0.175    0.091    0.175    0.133    0.233    0.433    0.725
 0.267    0.308    0.4      0.125    0.233    0.342    0.133    0.116
 0.442    0.183    0.275    0.283    0.225    0.367    0.267    0.2
 0.383    0.242    0.091    0.051182]",2,sb_int-additive_comp-absolute_gbatt-true_gbalt-false_lk-none_inh-free,0
286,1,1,62,attraction,B,L,1,target,4750.0,0.78,0.62,0.6,5,15,14,1,0,2,False,True,False,[1 1 1 0 0 2 2 2 2 1 1 2 0 0 0 1 1 0],[0 1 1 0 1 1 0 0 0 0 0 1 1 0 1 1 0 1],"[0.317    0.216    0.25     0.183    0.3      0.183    0.091    0.241
 0.1      0.091    0.125    0.333    0.225    0.291    0.392    0.217
 0.2      0.210804]",1,sb_int-additive_comp-absolute_gbatt-true_gbalt-false_lk-none_inh-free,0
287,1,1,63,attraction,A,L,1,competitor,5080.0,0.75,0.68,0.73,4,14,3,2,0,1,False,True,True,[1 2 0 2 2 1 2 2 0 0 1 1 2 2 1 1 2],[0 1 0 0 0 1 0 0 1 1 0 0 1 1 0 1 0],"[0.342    0.175    0.492    0.417    0.15     0.241    0.083    0.091
 0.166    0.158    0.133    0.183    0.133    0.208    0.225    0.292
 0.034685]",1,sb_int-additive_comp-absolute_gbatt-true_gbalt-false_lk-none_inh-free,0
288,1,1,64,compromise,A,M,1,competitor,3540.0,0.78,0.62,0.85,5,14,2,2,1,0,True,False,False,[2 2 2 2 2 1 1 1 1 0 0 1],[1 1 0 1 1 1 0 0 1 0 1 1],"[0.225   0.1     0.25    0.133   0.225   0.266   0.208   0.15    0.275
 0.333   0.525   0.21765]",1,sb_int-additive_comp-absolute_gbatt-true_gbalt-false_lk-none_inh-free,0
289,1,1,65,attraction,B,L,1,target,6280.0,0.72,0.65,0.63,5,14,13,2,0,1,True,True,True,[1 1 2 2 2 2 0 1 1 0 1 1 0 2 1 1 1 0 0 0 1 0 0 2 1 1],[0 0 0 0 1 1 1 1 0 0 1 1 1 1 1 0 0 0 0 1 1 0 0 0 0 1],"[0.108    0.2      0.191    0.183    0.116    0.217    0.317    0.242
 0.35     0.283    0.158    0.125    0.225    0.3      0.166    0.183
 0.141    0.258    0.158    0.267    0.091    0.108    0.291    0.158
 0.1      0.146676]",2,sb_int-additive_comp-absolute_gbatt-true_gbalt-false_lk-none_inh-free,0
290,1,1,66,filler,,L,2,,7260.0,0.29,0.42,0.72,34,23,13,2,1,0,False,False,False,[2 1 1 1 0 0 1 2 2 2 1 1 1 1 2 1 0 2 2 1 1 0 0 1 1 2 2],[1 1 0 0 1 1 1 1 0 0 1 1 1 1 1 1 1 0 0 0 0 0 1 1 0 1 1],"[0.325    0.208    0.2      0.125    0.225    0.275    0.175    0.266
 0.166    0.241    0.225    0.2      0.091    0.592    0.292    0.158
 0.217    0.158    0.183    0.166    0.1      0.158    0.375    0.375
 0.141    0.15     0.096092]",2,sb_int-additive_comp-absolute_gbatt-true_gbalt-false_lk-none_inh-free,0
291,1,1,67,filler,,R,2,,2930.0,0.31,0.38,0.85,32,26,11,0,1,2,False,False,False,[1 2 2 2 2 1 1 0 1 0 2],[1 1 1 0 0 0 0 0 1 1 1],"[0.325    0.133    0.225    0.125    0.166    0.158    0.133    0.25
 0.292    0.308    0.079686]",2,sb_int-additive_comp-absolute_gbatt-true_gbalt-false_lk-none_inh-free,0
292,1,1,68,filler,,L,2,,7180.0,0.27,0.61,0.89,37,16,11,1,2,0,True,False,True,[0 1 1 1 0 0 2 2 2 0 0 0 1 1 2 2 2 2 1 1 1 1 2 2 2],[0 1 1 1 0 0 0 1 1 0 1 1 0 1 0 0 1 1 0 1 1 0 0 0 1],"[0.25     0.166    0.2      0.442    0.233    0.417    0.442    0.15
 0.225    0.208    0.158    0.116    0.367    0.158    0.133    0.325
 0.158    0.141    0.325    0.125    0.292    0.208    0.141    0.242
 0.239468]",2,sb_int-additive_comp-absolute_gbatt-true_gbalt-false_lk-none_inh-free,0
293,1,1,69,compromise,A,L,1,competitor,6470.0,0.75,0.68,0.88,4,15,3,1,0,2,False,True,True,[1 1 0 0 0 0 0 2 2 1 1 1 1 1 1 0 0 0 0 2 2 2 2 1],[0 0 1 0 0 1 1 0 0 1 1 0 1 1 0 1 1 0 0 1 0 0 1 1],"[0.216    0.225    0.191    0.166    0.158    0.225    0.216    0.2
 0.1      0.175    0.133    0.467    0.141    0.216    0.183    0.1
 0.517    0.158    0.175    0.4      0.191    0.425    0.208    0.189994]",1,sb_int-additive_comp-absolute_gbatt-true_gbalt-false_lk-none_inh-free,0
294,1,1,70,attraction,B,L,1,target,5340.0,0.72,0.62,0.6,5,14,13,1,0,2,True,True,True,[1 1 1 1 0 0 2 2 2 2 1 1 0 0 0 1 1 2 2 1 2],[0 0 0 1 0 0 0 0 1 1 1 1 1 0 0 0 0 1 0 1 0],"[0.133    0.15     0.358    0.158    0.166    0.225    0.283    0.108
 0.158    0.091    0.175    0.141    0.475    0.2      0.267    0.35
 0.133    0.167    0.133    0.108    0.263753]",1,sb_int-additive_comp-absolute_gbatt-true_gbalt-false_lk-none_inh-free,0
295,1,1,71,compromise,A,R,1,competitor,6660.0,0.78,0.65,0.82,5,14,3,0,2,1,False,False,True,[0 0 0 2 2 1 1 1 1 1 2 2 2 2 0 0 0 1 1 1 1 0 0 0 1 1 1 1 1],[1 0 0 0 1 0 0 1 1 0 1 0 1 1 0 1 1 1 1 0 0 1 0 0 0 1 1 1 0],"[0.342    0.141    0.175    0.183    0.191    0.108    0.141    0.225
 0.267    0.191    0.175    0.417    0.191    0.158    0.225    0.091
 0.225    0.191    0.183    0.191    0.1      0.216    0.166    0.183
 0.275    0.091    0.216    0.208    0.047042]",1,sb_int-additive_comp-absolute_gbatt-true_gbalt-false_lk-none_inh-free,0
296,1,1,72,attraction,A,M,1,competitor,3290.0,0.78,0.62,0.76,5,14,4,0,1,2,True,True,True,[0 0 0 1 1 1 2 2 2 0 0 1 1 1 0 2],[0 0 0 0 0 1 1 0 0 0 0 0 0 1 1 1],"[0.091    0.108    0.108    0.158    0.108    0.241    0.208    0.266
 0.091    0.208    0.125    0.15     0.166    0.225    0.25     0.163627]",1,sb_int-additive_comp-absolute_gbatt-true_gbalt-false_lk-none_inh-free,0
297,1,1,73,attraction,A,L,1,competitor,2960.0,0.78,0.68,0.76,5,15,4,2,0,1,True,True,True,[2 0 0 1 1 2 0 0 0 2],[0 0 0 1 1 1 1 0 0 0],"[0.266    0.166    0.2      0.233    0.15     0.2      0.325    0.225
 0.316    0.244042]",1,sb_int-additive_comp-absolute_gbatt-true_gbalt-false_lk-none_inh-free,0
298,1,1,74,compromise,A,M,1,competitor,3920.0,0.78,0.68,0.82,5,15,3,2,1,0,False,False,True,[2 2 2 1 0 0 1 1 0 0 2 2 1 1 0],[0 1 1 0 0 0 0 0 1 1 1 0 1 1 0],"[0.233 0.275 0.108 0.3   0.2   0.208 0.125 0.083 0.242 0.175 0.175 0.2
 0.208 0.325 0.267]",0,sb_int-additive_comp-absolute_gbatt-true_gbalt-false_lk-none_inh-free,0
299,1,1,75,attraction,B,L,1,target,3340.0,0.72,0.62,0.6,5,15,14,2,0,1,False,False,False,[1 2 2 2 2 2 2 1 1 2 0 0 0],[1 0 0 1 1 0 0 0 1 1 0 0 1],"[0.208 0.125 0.342 0.1   0.208 0.216 0.083 0.3   0.233 0.308 0.25  0.091
 0.141]",2,sb_int-additive_comp-absolute_gbatt-true_gbalt-false_lk-none_inh-free,0
300,1,2,76,attraction,B,R,0,competitor,5540.0,0.78,0.65,0.63,9,15,14,2,1,0,True,True,True,[1 2 2 2 1 0 0 1 1 1 2 1 0 0 0 1 1 1 1 0 2 2],[0 0 0 0 0 0 0 0 1 1 1 0 1 1 0 0 0 1 1 1 0 0],"[0.183    0.283    0.158    0.133    0.333    0.266    0.083    0.191
 0.125    0.15     0.258    0.141    0.125    0.233    0.291    0.175
 0.225    0.091    0.166    0.4      0.208    0.141836]",0,sb_int-additive_comp-absolute_gbatt-true_gbalt-false_lk-none_inh-free,0
301,1,2,77,attraction,A,R,0,target,6320.0,0.75,0.65,0.73,9,15,8,2,1,0,False,True,True,[1 2 1 1 0 0 1 1 2 2 2 2 2 0 0 0 0 0 1 1 2 2 0 2 2 2 2 0 0],[0 0 0 0 1 1 0 0 0 0 1 1 0 1 1 1 0 0 1 1 1 0 1 0 1 1 1 1 1],"[0.166    0.241    0.2      0.241    0.191    0.108    0.175    0.175
 0.133    0.192    0.15     0.175    0.225    0.1      0.191    0.266
 0.166    0.141    0.2      0.166    0.166    0.225    0.342    0.2
 0.1      0.083    0.108    0.166    0.251087]",0,sb_int-additive_comp-absolute_gbatt-true_gbalt-false_lk-none_inh-free,0
302,1,2,78,attraction,B,R,1,target,6670.0,0.72,0.65,0.63,9,14,13,1,2,0,True,False,True,[0 0 0 1 2 2 0 0 1 2 0 0 1 1 0 2 2 0 1 1 1 2 0 2 2 2 2 2],[0 0 1 0 0 0 1 0 1 1 0 0 1 0 1 0 0 0 1 0 1 0 1 0 0 1 1 0],"[0.2      0.208    0.216    0.183    0.133    0.266    0.125    0.225
 0.241    0.333    0.225    0.183    0.191    0.292    0.166    0.141
 0.191    0.133    0.225    0.091    0.2      0.108    0.116    0.133
 0.208    0.2      0.225    0.061024]",2,sb_int-additive_comp-absolute_gbatt-true_gbalt-false_lk-none_inh-free,0
303,1,2,79,compromise,A,L,1,competitor,5180.0,0.78,0.68,0.88,9,15,4,2,0,1,True,False,True,[2 2 1 2 1 2 0 0 1 1 2 2 2 0 0],[0 1 1 0 1 0 1 1 1 0 1 0 0 0 1],"[0.275    0.408    0.467    0.192    0.275    0.575    0.175    0.216
 0.233    0.317    0.467    0.15     0.2      0.208    0.226896]",0,sb_int-additive_comp-absolute_gbatt-true_gbalt-false_lk-none_inh-free,0
304,1,2,80,compromise,A,M,1,competitor,4370.0,0.72,0.65,0.82,9,15,4,0,1,2,True,False,True,[0 0 1 1 1 2 2 2 2 1 0 2 1 1 1 2],[0 0 1 0 0 1 1 0 0 1 1 1 1 1 0 1],"[0.342    0.1      0.166    0.183    0.15     0.283    0.083    0.267
 0.308    0.291    0.266    0.166    0.166    0.375    0.25     0.071608]",1,sb_int-additive_comp-absolute_gbatt-true_gbalt-false_lk-none_inh-free,0
305,1,2,81,compromise,B,M,2,decoy,2920.0,0.75,0.68,0.55,8,14,28,0,2,1,True,True,True,[2 0 0 2 1 2 1 1 1 1 2],[0 0 0 0 0 1 0 0 1 1 1],"[0.241    0.116    0.35     0.4      0.108    0.25     0.216    0.425
 0.091    0.258    0.120356]",1,sb_int-additive_comp-absolute_gbatt-true_gbalt-false_lk-none_inh-free,0
306,1,2,82,attraction,B,L,1,target,3560.0,0.78,0.68,0.66,8,14,13,1,0,2,True,False,True,[1 1 1 1 0 2 2 2 2 1 0 2 0 0 0],[1 1 1 1 1 1 0 0 0 0 1 1 0 0 1],"[0.116    0.2      0.2      0.308    0.208    0.141    0.166    0.158
 0.158    0.325    0.2      0.25     0.166    0.183    0.032951]",0,sb_int-additive_comp-absolute_gbatt-true_gbalt-false_lk-none_inh-free,0
307,1,2,83,filler,,R,2,,8160.0,0.27,0.47,0.86,37,21,11,1,0,2,False,True,False,[1 1 0 0 0 0 1 1 1 1 1 1 0 0 0 2 2 0 1 1 0 1 0 1 2 2 2 2 2],[0 0 1 1 1 1 0 1 0 0 1 1 1 1 1 0 1 1 1 1 0 0 1 0 0 0 1 1 0],"[0.191 0.317 0.091 0.258 0.442 0.392 0.191 0.158 0.108 0.266 0.116 0.325
 0.183 0.116 0.116 0.125 0.333 0.291 0.158 0.1   0.2   0.275 0.292 0.208
 0.216 0.116 0.125 0.358 0.208]",2,sb_int-additive_comp-absolute_gbatt-true_gbalt-false_lk-none_inh-free,0
308,1,2,84,compromise,B,M,1,target,8610.0,0.72,0.65,0.58,8,15,28,2,1,0,False,False,False,[1 2 1 0 0 1 1 2 2 2 1 0 0 2 2 1 1 1 1 0 1 0 0 0 2 1 1 1 0 0 0 1 2],[1 1 1 1 0 0 0 0 1 1 1 1 1 1 0 1 1 0 0 0 1 1 0 0 0 0 0 1 1 1 0 0 0],"[0.183    0.275    0.225    0.35     0.233    0.116    0.15     0.183
 0.091    0.133    0.3      0.225    0.083    0.216    0.158    0.183
 0.183    0.208    0.133    0.342    0.208    0.525    0.108    0.333
 0.141    0.15     0.125    0.25     0.141    0.3      0.216    0.408
 0.085702]",2,sb_int-additive_comp-absolute_gbatt-true_gbalt-false_lk-none_inh-free,0
309,1,2,85,compromise,B,L,2,decoy,8890.0,0.72,0.65,0.52,9,15,28,1,2,0,True,True,True,[0 0 0 2 2 2 0 0 0 0 1 1 1 1 0 0 2 2 2 2 2 0 0 0 0 1 2 1 1 1 0 2 2 0 1 1 1],[0 1 0 0 0 1 1 1 0 0 0 0 1 1 1 1 1 0 0 1 1 1 1 0 0 0 0 0 0 0 0 1 1 1 1 1 0],"[0.241 0.183 0.125 0.25  0.317 0.417 0.15  0.308 0.2   0.233 0.25  0.141
 0.133 0.383 0.15  0.175 0.158 0.091 0.358 0.125 0.158 0.125 0.166 0.116
 0.133 0.3   0.241 0.083 0.083 0.175 0.241 0.208 0.1   0.258 0.108 0.1
 0.275]",0,sb_int-additive_comp-absolute_gbatt-true_gbalt-false_lk-none_inh-free,0
310,1,2,86,attraction,B,M,1,target,5540.0,0.72,0.62,0.6,8,15,14,2,1,0,False,False,False,[1 2 2 1 0 0 0 0 1 2 2 2 1 1 2 1 1 1 2 2 1 1 2 0],[1 0 0 0 0 0 0 1 1 1 0 0 0 1 1 1 0 0 0 0 1 1 1 1],"[0.216    0.158    0.25     0.216    0.116    0.216    0.133    0.183
 0.3      0.241    0.1      0.166    0.233    0.141    0.183    0.383
 0.158    0.183    0.116    0.1      0.116    0.175    0.166    0.051282]",1,sb_int-additive_comp-absolute_gbatt-true_gbalt-false_lk-none_inh-free,0
311,1,2,87,attraction,A,L,1,competitor,7900.0,0.72,0.65,0.7,9,15,8,1,0,2,False,False,True,[0 0 0 1 1 1 0 2 2 2 2 0 0 1 1 0 0 0 0 2 1 1 1 0 0 1 0 1 0],[1 0 0 0 1 1 0 1 0 0 0 1 1 1 1 1 1 0 0 1 0 1 1 1 0 0 0 1 1],"[0.258    0.191    0.116    0.358    0.116    0.091    0.141    0.2
 0.225    0.5      0.55     0.1      0.141    0.1      0.125    0.083
 0.258    0.183    0.191    0.225    0.083    0.258    0.141    0.55
 0.15     0.267    0.241    0.425    0.488816]",0,sb_int-additive_comp-absolute_gbatt-true_gbalt-false_lk-none_inh-free,0
312,1,2,88,compromise,B,L,2,decoy,4490.0,0.78,0.62,0.55,9,14,29,2,1,0,False,True,False,[2 2 2 2 1 2 1 1 1 1 1 1 1 2 2 2 1 0 0 2],[1 1 0 0 0 1 0 0 1 1 0 1 1 1 1 0 0 0 0 1],"[0.183    0.158    0.183    0.291    0.141    0.275    0.1      0.083
 0.15     0.091    0.225    0.183    0.15     0.083    0.241    0.292
 0.35     0.141    0.158    0.186699]",1,sb_int-additive_comp-absolute_gbatt-true_gbalt-false_lk-none_inh-free,0
313,1,2,89,attraction,B,L,1,target,6260.0,0.75,0.65,0.63,8,14,13,2,0,1,False,True,True,[1 1 1 1 1 1 1 1 2 2 2 0 0 0 0 2 1 1 1 2 2 0 0 2 0],[0 0 0 0 0 0 0 1 1 1 1 0 0 1 1 0 0 0 1 0 0 1 1 0 0],"[0.15  0.3   0.191 0.083 0.166 0.292 0.425 0.208 0.175 0.208 0.125 0.116
 0.191 0.242 0.133 0.191 0.175 0.158 0.241 0.1   0.183 0.3   0.308 0.191
 0.091]",2,sb_int-additive_comp-absolute_gbatt-true_gbalt-false_lk-none_inh-free,0
314,1,2,90,filler,,M,2,,7650.0,0.31,0.38,0.85,32,26,11,2,0,1,False,False,False,[1 1 2 2 2 2 0 0 0 1 1 1 1 1 1 2 2 2 1 1 1 1 2 2 2 2 0 0 0 2],[1 1 1 1 0 0 0 1 1 1 1 0 0 1 1 1 0 0 0 0 1 1 1 1 0 0 0 1 1 1],"[0.2      0.083    0.116    0.367    0.266    0.133    0.2      0.191
 0.183    0.133    0.55     0.15     0.2      0.158    0.241    0.233
 0.216    0.2      0.158    0.15     0.15     0.158    0.108    0.45
 0.125    0.108    0.266    0.216    0.166    0.633644]",2,sb_int-additive_comp-absolute_gbatt-true_gbalt-false_lk-none_inh-free,0
315,1,2,91,attraction,B,L,1,target,4830.0,0.78,0.65,0.63,8,15,14,1,0,2,True,True,False,[0 1 1 0 2 2 0 1 1 2 2 2 2 1 1 1 1 0 0],[0 0 0 0 1 0 0 0 1 0 0 1 1 0 1 0 0 0 1],"[0.325    0.183    0.225    0.233    0.258    0.183    0.083    0.317
 0.291    0.216    0.116    0.183    0.158    0.166    0.2      0.166
 0.133    0.241    0.112393]",1,sb_int-additive_comp-absolute_gbatt-true_gbalt-false_lk-none_inh-free,0
316,1,2,92,filler,,M,2,,4190.0,0.29,0.42,0.72,34,23,13,2,0,1,False,True,True,[1 1 1 2 2 2 0 0 1 0 0 1 2 2 2 2 2],[0 0 0 0 1 1 1 1 0 0 0 1 1 0 0 1 0],"[0.108    0.175    0.65     0.192    0.141    0.1      0.191    0.283
 0.175    0.166    0.158    0.275    0.166    0.233    0.216    0.233
 0.027511]",2,sb_int-additive_comp-absolute_gbatt-true_gbalt-false_lk-none_inh-free,0
317,1,2,93,filler,,M,2,,4910.0,0.19,0.56,0.8,52,17,12,0,2,1,False,False,False,[0 0 2 0 0 2 1 0 2 2 2 2 1 1 1 2 2 2 1],[1 1 1 0 0 0 0 1 1 1 0 0 0 1 1 1 1 0 0],"[0.141    0.191    0.258    0.1      0.233    0.325    0.325    0.283
 0.083    0.483    0.108    0.158    0.258    0.091    0.283    0.083
 0.141    0.283    0.080171]",2,sb_int-additive_comp-absolute_gbatt-true_gbalt-false_lk-none_inh-free,0
318,1,2,94,compromise,B,L,2,decoy,3980.0,0.75,0.62,0.58,9,14,29,2,1,0,True,False,False,[2 2 2 2 2 2 2 1 1 1 0 2 2 2],[1 1 0 1 1 0 0 1 0 0 1 1 1 0],"[0.116    0.308    0.216    0.125    0.492    0.183    0.166    0.542
 0.191    0.192    0.283    0.108    0.141    0.077368]",2,sb_int-additive_comp-absolute_gbatt-true_gbalt-false_lk-none_inh-free,0
319,1,2,95,filler,,L,2,,4000.0,0.32,0.48,0.85,31,20,11,1,2,0,True,True,False,[2 2 0 0 0 1 0 0 1 1 2 2 2 2],[1 1 0 1 1 0 0 0 0 1 0 0 1 1],"[0.183    0.208    0.308    0.258    0.141    0.317    0.1      0.217
 0.442    0.283    0.108    0.183    0.191    0.171346]",2,sb_int-additive_comp-absolute_gbatt-true_gbalt-false_lk-none_inh-free,0
320,1,2,96,attraction,A,R,1,competitor,8050.000000000001,0.78,0.62,0.76,8,15,7,0,2,1,False,False,True,[0 0 0 0 0 2 2 1 1 2 2 2 2 0 0 1 1 1 1 2 1 1 2 2 1 1 1 2 2 0 2 0 0 1 1],[1 0 0 1 1 0 0 1 1 0 0 1 1 0 0 0 1 1 1 1 0 0 0 0 1 1 0 1 0 1 1 0 0 1 1],"[0.358    0.125    0.166    0.108    0.133    0.1      0.241    0.158
 0.183    0.116    0.367    0.216    0.158    0.208    0.091    0.125
 0.083    0.417    0.216    0.125    0.133    0.208    0.2      0.275
 0.083    0.275    0.225    0.091    0.225    0.091    0.166    0.091
 0.108    0.317    0.156406]",1,sb_int-additive_comp-absolute_gbatt-true_gbalt-false_lk-none_inh-free,0
321,1,2,97,filler,,L,2,,5620.0,0.16,0.46,0.87,62,21,11,2,1,0,False,True,False,[1 2 2 2 1 1 1 1 0 0 0 0 0 0 0 0 1 1 1 2 1 2 2],[0 1 0 0 1 0 0 0 0 0 1 1 1 0 0 1 1 1 0 1 1 1 1],"[0.166    0.225    0.141    0.183    0.183    0.483    0.208    0.133
 0.091    0.258    0.083    0.1      0.233    0.191    0.133    0.333
 0.083    0.308    0.141    0.283    0.208    0.375    0.108041]",2,sb_int-additive_comp-absolute_gbatt-true_gbalt-false_lk-none_inh-free,0
322,1,2,98,compromise,A,L,1,competitor,11410.0,0.78,0.68,0.88,8,15,5,2,0,1,True,False,True,"[1 1 1 1 1 2 0 0 0 0 2 1 0 1 1 1 1 1 1 1 1 1 2 2 2 0 0 0 2 2 2 1 1 1 0 0 2
 0]","[1 1 1 0 1 0 1 1 1 0 0 1 0 1 1 0 0 1 1 1 0 0 1 0 1 1 0 0 1 0 0 1 0 0 1 1 0
 0]","[0.225    0.233    0.125    0.233    0.283    0.943    0.091    0.325
 0.2      0.141    0.225    0.2      0.283    0.4      0.133    0.158
 0.216    0.191    0.15     0.15     0.116    0.166    0.241    0.3
 0.108    0.175    0.333    0.859    0.3      0.317    0.108    0.358
 0.166    0.083    0.258    0.15     0.15     0.140404]",1,sb_int-additive_comp-absolute_gbatt-true_gbalt-false_lk-none_inh-free,0
323,1,2,99,compromise,A,R,1,competitor,2550.0,0.75,0.65,0.82,9,15,4,1,2,0,False,True,True,[2 2 2 0 0 1 1 1 1 1 1 1],[0 0 0 1 1 0 0 1 1 0 0 1],[0.275 0.216 0.108 0.183 0.216 0.108 0.083 0.275 0.158 0.225 0.133 0.091],2,sb_int-additive_comp-absolute_gbatt-true_gbalt-false_lk-none_inh-free,0
324,1,2,100,filler,,L,2,,4610.0,0.24,0.37,0.76,41,27,13,2,1,0,False,True,False,[2 2 2 2 2 1 1 1 0 0 1 1 0 0 0 0 2 2],[1 1 0 0 0 1 0 0 1 0 0 1 0 0 1 1 1 1],"[0.35     0.191    0.083    0.175    0.116    0.175    0.258    0.083
 0.183    0.233    0.275    0.191    0.208    0.158    0.275    0.367
 0.217    0.197606]",2,sb_int-additive_comp-absolute_gbatt-true_gbalt-false_lk-none_inh-free,0
325,1,2,101,compromise,A,M,1,competitor,3250.0,0.78,0.68,0.82,9,15,5,2,1,0,True,True,True,[2 2 1 0 0 1 1 1 2 0 1],[0 0 0 0 0 0 1 1 1 1 0],"[0.2      0.3      0.383    0.35     0.25     0.116    0.175    0.116
 0.267    0.267    0.175699]",1,sb_int-additive_comp-absolute_gbatt-true_gbalt-false_lk-none_inh-free,0
326,1,2,102,compromise,B,M,2,decoy,4210.0,0.75,0.62,0.58,8,15,28,2,0,1,False,False,True,[2 1 2 2 0 0 2 2 2 2 2 2 0 1 1],[0 1 1 1 0 1 0 0 1 1 1 0 1 1 0],"[0.316   0.525   0.175   0.175   0.342   0.108   0.133   0.292   0.183
 0.233   0.108   0.125   0.317   0.417   0.03566]",2,sb_int-additive_comp-absolute_gbatt-true_gbalt-false_lk-none_inh-free,0
327,1,2,103,filler,,L,2,,8230.0,0.27,0.61,0.89,37,16,11,1,2,0,False,False,True,[2 2 2 0 2 2 2 0 0 0 1 1 0 0 0 0 1 1 2 2 1 1 2 2 1 1 2 2 1 1 2 2],[0 1 1 1 0 1 1 0 1 1 1 0 1 1 0 0 0 0 1 1 0 1 0 0 0 0 1 1 1 1 0 0],"[0.417    0.133    0.133    0.108    0.317    0.216    0.116    0.183
 0.183    0.133    0.2      0.267    0.091    0.125    0.175    0.258
 0.35     0.158    0.133    0.141    0.233    0.25     0.175    0.208
 0.158    0.216    0.116    0.158    0.133    0.258    0.141    0.552941]",2,sb_int-additive_comp-absolute_gbatt-true_gbalt-false_lk-none_inh-free,0
328,1,2,104,attraction,A,M,1,competitor,3140.0,0.78,0.68,0.76,9,15,8,0,1,2,False,True,True,[0 0 0 1 1 2 2 1 1 1 1 2 2 0],[1 0 0 0 0 0 0 0 0 1 1 0 0 1],"[0.233    0.166    0.208    0.175    0.158    0.216    0.125    0.116
 0.175    0.133    0.208    0.158    0.283    0.135716]",1,sb_int-additive_comp-absolute_gbatt-true_gbalt-false_lk-none_inh-free,0
329,1,2,105,attraction,A,R,1,competitor,3930.0,0.75,0.65,0.73,8,15,7,1,2,0,False,True,False,[0 2 0 0 1 1 1 1 0 1 2 2 0 0 2],[1 1 0 0 1 1 1 0 1 0 0 0 1 1 1],"[0.133 0.508 0.116 0.141 0.4   0.25  0.183 0.125 0.15  0.433 0.166 0.15
 0.1   0.141 0.116]",1,sb_int-additive_comp-absolute_gbatt-true_gbalt-false_lk-none_inh-free,0
330,1,2,106,compromise,B,M,2,decoy,2930.0,0.78,0.65,0.52,9,14,28,0,2,1,False,False,False,[0 0 0 2 1 1 1 2 2 1 1],[1 0 0 0 0 0 0 1 1 1 1],"[0.233    0.208    0.091    0.258    0.333    0.166    0.175    0.225
 0.317    0.175    0.174901]",2,sb_int-additive_comp-absolute_gbatt-true_gbalt-false_lk-none_inh-free,0
331,1,2,107,compromise,B,L,1,target,3880.0,0.72,0.68,0.58,8,15,29,2,0,1,False,True,False,[2 2 1 1 1 2 0 0 1 1 1],[1 0 1 1 0 0 0 1 0 0 1],[0.233 0.258 0.216 0.166 0.308 0.3   0.342 0.542 0.2   0.166 0.216],2,sb_int-additive_comp-absolute_gbatt-true_gbalt-false_lk-none_inh-free,0
332,1,2,108,attraction,B,M,1,target,2580.0,0.72,0.62,0.6,9,14,13,0,1,2,False,False,False,[0 0 1 2 1 1 1 2 2],[0 0 0 0 0 1 1 1 0],[0.175 0.15  0.3   0.2   0.108 0.083 0.258 0.292 0.191],1,sb_int-additive_comp-absolute_gbatt-true_gbalt-false_lk-none_inh-free,0
333,1,2,109,filler,,R,2,,13030.0,0.32,0.6,0.78,31,16,12,1,0,2,True,False,False,"[0 1 1 1 1 1 1 0 0 0 0 2 2 2 2 2 0 0 0 2 2 0 0 2 1 1 1 1 2 2 1 1 2 2 2 1 1
 1 1 2 2 2 1 1 2 2 2]","[0 1 0 1 1 0 1 0 1 1 1 1 0 0 0 1 1 1 1 0 0 0 0 1 0 0 1 1 1 0 1 0 1 1 1 0 0
 1 1 1 1 0 0 1 1 0 1]","[0.183 0.317 0.175 0.2   0.342 0.275 0.35  0.275 0.083 0.116 0.175 0.266
 0.4   0.208 0.166 0.367 0.183 0.425 0.575 0.292 0.166 0.141 0.15  0.333
 0.2   0.091 0.125 0.116 0.158 0.275 0.408 0.158 0.175 0.141 0.108 0.158
 0.116 0.242 0.083 0.083 0.116 0.467 0.15  0.216 0.35  0.191 0.35 ]",2,sb_int-additive_comp-absolute_gbatt-true_gbalt-false_lk-none_inh-free,0
334,1,2,110,filler,,M,2,,4500.0,0.19,0.59,0.81,52,16,12,0,2,1,True,True,True,[0 0 0 0 0 2 2 2 1 1 1 2 2 1 1 2 2],[0 0 0 1 1 1 0 0 0 1 1 1 1 1 0 0 0],"[0.383  0.191  0.166  0.208  0.091  0.325  0.216  0.133  0.35   0.141
 0.191  0.208  0.125  0.25   0.258  0.275  0.1346]",2,sb_int-additive_comp-absolute_gbatt-true_gbalt-false_lk-none_inh-free,0
335,1,2,111,compromise,A,L,0,target,6580.0,0.78,0.65,0.82,9,14,4,0,1,2,False,True,False,[0 0 0 0 1 1 1 2 2 1 1 1 1 0 2 0 2 2 2 1 2 1 1 0 0],[1 1 0 0 1 0 0 0 0 0 0 1 1 1 0 0 0 1 1 0 0 1 0 1 0],"[0.191    0.241    0.175    0.133    0.183    0.216    0.125    0.175
 0.175    0.15     0.208    0.192    0.083    0.483    0.158    0.208
 0.116    0.125    0.125    0.208    0.283    0.125    0.358    0.342
 0.145006]",1,sb_int-additive_comp-absolute_gbatt-true_gbalt-false_lk-none_inh-free,0
336,1,2,112,compromise,A,M,1,competitor,2890.0,0.72,0.68,0.82,9,15,4,2,1,0,False,False,True,[2 2 2 2 1 1 0 0 0 1 1 1],[0 0 1 1 0 0 0 1 1 1 1 1],"[0.233    0.2      0.116    0.308    0.116    0.166    0.216    0.191
 0.283    0.125    0.183    0.203718]",0,sb_int-additive_comp-absolute_gbatt-true_gbalt-false_lk-none_inh-free,0
337,1,2,113,compromise,A,M,1,competitor,5240.0,0.78,0.62,0.85,9,14,4,0,1,2,True,False,True,[1 0 0 0 1 1 1 2 1 1 2 2 0 0 1 1 1 1 2 2],[1 0 0 0 1 0 1 0 1 0 0 0 0 0 0 0 1 1 1 1],"[0.091    0.392    0.141    0.091    0.183    0.275    0.25     0.308
 0.408    0.125    0.208    0.2      0.242    0.317    0.158    0.183
 0.183    0.25     0.116    0.109392]",1,sb_int-additive_comp-absolute_gbatt-true_gbalt-false_lk-none_inh-free,0
338,1,2,114,compromise,A,R,1,competitor,2660.0,0.75,0.65,0.85,9,15,5,0,2,1,False,True,True,[0 0 0 0 2 2 1 1 1 1 0 1 1],[1 1 0 0 0 0 0 0 1 1 1 0 0],"[0.183    0.4      0.158    0.125    0.091    0.208    0.208    0.1
 0.208    0.108    0.216    0.083    0.031518]",1,sb_int-additive_comp-absolute_gbatt-true_gbalt-false_lk-none_inh-free,0
339,1,2,115,attraction,A,R,1,competitor,3540.0,0.78,0.68,0.76,8,15,7,0,2,1,False,True,True,[0 0 0 0 0 2 2 1 1 1 2 0 0 2 1 1 1],[1 1 1 0 0 0 0 0 1 1 1 0 0 0 1 1 0],"[0.133    0.308    0.116    0.216    0.15     0.191    0.141    0.325
 0.133    0.166    0.233    0.191    0.141    0.208    0.1      0.141
 0.064372]",2,sb_int-additive_comp-absolute_gbatt-true_gbalt-false_lk-none_inh-free,0
340,1,2,116,compromise,B,M,2,decoy,3950.0,0.72,0.68,0.52,9,15,29,2,0,1,True,True,True,[1 1 2 0 2 2 0 0 0 0 2 0 2 2],[0 0 0 0 1 1 0 0 1 0 0 0 0 1],"[0.083    0.342    0.158    0.292    0.108    0.166    0.125    0.216
 0.258    0.192    0.475    0.567    0.216    0.183456]",0,sb_int-additive_comp-absolute_gbatt-true_gbalt-false_lk-none_inh-free,0
341,1,2,117,attraction,B,R,1,target,2880.0,0.78,0.62,0.6,8,14,13,0,2,1,True,True,True,[0 0 0 2 2 1 1 2 1 1 2],[0 0 0 0 0 0 1 1 1 0 0],[0.158 0.308 0.091 0.183 0.183 0.508 0.216 0.308 0.108 0.3   0.225],0,sb_int-additive_comp-absolute_gbatt-true_gbalt-false_lk-none_inh-free,0
342,1,2,118,attraction,B,L,1,target,3020.0,0.72,0.68,0.66,9,14,13,1,0,2,True,False,False,[1 1 1 1 0 2 1 1 1 0 2],[1 1 1 1 1 0 1 0 0 0 1],"[0.175    0.15     0.225    0.133    0.225    0.358    0.217    0.116
 0.2      0.333    0.153894]",1,sb_int-additive_comp-absolute_gbatt-true_gbalt-false_lk-none_inh-free,0
343,1,2,119,attraction,A,M,1,competitor,2400.0,0.75,0.68,0.73,8,14,7,0,1,2,False,False,False,[0 0 0 1 1 2 1 1 2 2 2 1],[1 0 0 0 0 0 1 1 1 0 1 1],"[0.183    0.166    0.116    0.116    0.116    0.191    0.258    0.091
 0.216    0.308    0.158    0.063098]",2,sb_int-additive_comp-absolute_gbatt-true_gbalt-false_lk-none_inh-free,0
344,1,2,120,attraction,A,L,1,competitor,2600.0,0.75,0.65,0.73,9,14,8,2,0,1,False,False,False,[1 1 1 2 0 0 0 1 1 2 0],[1 0 0 0 0 0 1 1 1 1 1],"[0.217   0.208   0.141   0.233   0.266   0.133   0.166   0.158   0.208
 0.2     0.13231]",2,sb_int-additive_comp-absolute_gbatt-true_gbalt-false_lk-none_inh-free,0
345,1,2,121,attraction,B,M,1,target,2090.0,0.72,0.62,0.6,9,15,14,0,1,2,True,False,False,[0 0 1 1 2 1 2],[0 0 0 0 0 1 1],[0.3      0.241    0.133    0.208    0.225    0.258    0.300497],0,sb_int-additive_comp-absolute_gbatt-true_gbalt-false_lk-none_inh-free,0
346,1,2,122,compromise,B,R,2,decoy,3130.0,0.75,0.65,0.55,9,14,28,1,0,2,False,True,True,[0 0 1 1 0 0 2 2 2],[1 1 1 1 1 1 0 1 1],"[0.191    0.15     0.183    0.175    0.166    0.167    0.383    0.258
 0.500839]",2,sb_int-additive_comp-absolute_gbatt-true_gbalt-false_lk-none_inh-free,0
347,1,2,123,attraction,A,M,1,competitor,7760.0,0.75,0.65,0.73,9,14,8,0,1,2,True,False,False,[1 0 1 1 1 2 2 2 2 1 1 0 0 1 2 2 2 1 0 0 0 1 1 2 1 1 2 2],[1 0 0 0 1 0 0 1 1 1 1 0 0 0 0 1 1 1 0 0 0 0 0 0 1 1 1 1],"[0.116 0.525 0.141 0.108 0.233 0.175 0.175 0.125 0.375 0.191 0.183 0.175
 0.125 0.509 0.25  0.108 0.567 0.5   0.125 0.158 0.191 0.1   0.283 0.225
 0.141 0.258 0.083 0.15 ]",1,sb_int-additive_comp-absolute_gbatt-true_gbalt-false_lk-none_inh-free,0
348,1,2,124,compromise,B,L,2,decoy,5480.0,0.72,0.68,0.58,9,14,29,1,2,0,True,True,False,[2 2 2 2 2 2 2 2 0 0 0 2 2 1 1 1 1 1 1 1 2 2],[1 1 1 0 1 1 1 1 1 1 0 1 0 0 0 0 1 0 1 0 0 0],"[0.166    0.091    0.15     0.191    0.183    0.133    0.083    0.342
 0.141    0.208    0.158    0.158    0.216    0.1      0.217    0.242
 0.183    0.35     0.125    0.383    0.116    0.528145]",0,sb_int-additive_comp-absolute_gbatt-true_gbalt-false_lk-none_inh-free,0
349,1,2,125,attraction,B,M,1,target,3870.0,0.78,0.65,0.63,9,15,14,2,1,0,True,True,False,[2 2 2 1 1 0 0 0 1 1 2 1 2 2 1],[1 1 1 0 0 0 1 1 0 0 1 1 0 1 0],"[0.1   0.25  0.141 0.158 0.208 0.292 0.116 0.258 0.208 0.191 0.208 0.175
 0.258 0.158 0.166]",1,sb_int-additive_comp-absolute_gbatt-true_gbalt-false_lk-none_inh-free,0
350,1,2,126,compromise,A,L,1,competitor,3230.0,0.75,0.68,0.88,8,15,5,1,0,2,True,False,False,[0 1 1 1 0 0 0 2 2 1 1 0 0],[0 1 1 0 0 0 1 0 0 1 0 0 0],"[0.166    0.4      0.2      0.166    0.083    0.241    0.258    0.091
 0.2      0.275    0.208    0.083    0.178231]",1,sb_int-additive_comp-absolute_gbatt-true_gbalt-false_lk-none_inh-free,0
351,1,2,127,compromise,A,R,1,competitor,2400.0,0.72,0.68,0.82,9,15,4,0,2,1,False,False,True,[2 0 0 0 2 1 1 1 1],[0 1 0 0 1 0 1 1 0],[0.158 0.2   0.141 0.166 0.233 0.325 0.2   0.158 0.4  ],1,sb_int-additive_comp-absolute_gbatt-true_gbalt-false_lk-none_inh-free,0
352,1,2,128,compromise,B,R,2,decoy,2630.0,0.72,0.62,0.58,8,14,29,1,0,2,True,True,False,[1 1 1 0 1 0 0 2 2 2],[0 0 0 0 0 0 0 0 0 1],"[0.125    0.083    0.15     0.166    0.292    0.275    0.158    0.367
 0.125    0.493139]",1,sb_int-additive_comp-absolute_gbatt-true_gbalt-false_lk-none_inh-free,0
353,1,2,129,attraction,B,R,1,target,6080.0,0.75,0.68,0.66,8,14,13,0,2,1,False,False,False,[0 0 0 2 0 0 2 2 0 2 1 2 2 2 1 1 1 1 2 2 2 2 2 1 1 1],[1 0 1 1 1 1 1 1 0 0 0 0 0 0 0 0 1 1 1 1 0 0 1 1 1 0],"[0.342    0.208    0.183    0.175    0.091    0.141    0.133    0.225
 0.408    0.25     0.35     0.158    0.116    0.108    0.091    0.108
 0.191    0.116    0.083    0.15     0.141    0.275    0.267    0.358
 0.091    0.112037]",1,sb_int-additive_comp-absolute_gbatt-true_gbalt-false_lk-none_inh-free,0
354,1,2,130,filler,,R,2,,3690.0,0.28,0.67,0.78,35,14,12,0,1,2,True,True,False,[0 0 0 0 1 1 2 2 2 1 1 2 1],[0 0 0 1 1 1 0 1 0 0 0 1 0],"[0.208   0.216   0.258   0.25    0.208   0.225   0.292   0.342   0.2
 0.175   0.216   0.308   0.15301]",2,sb_int-additive_comp-absolute_gbatt-true_gbalt-false_lk-none_inh-free,0
355,1,2,131,compromise,B,L,2,decoy,4520.0,0.72,0.62,0.55,9,14,29,1,2,0,True,True,True,[0 0 2 2 0 0 0 0 0 1 1 1 2 1 1 0 2 1 0 1],[0 0 0 1 1 0 0 1 1 1 0 0 1 0 0 0 0 0 0 0],"[0.2      0.225    0.333    0.242    0.166    0.217    0.333    0.083
 0.133    0.233    0.083    0.091    0.25     0.183    0.267    0.133
 0.183    0.166    0.166    0.024352]",0,sb_int-additive_comp-absolute_gbatt-true_gbalt-false_lk-none_inh-free,0
356,1,2,132,attraction,A,L,1,competitor,2960.0,0.72,0.62,0.7,9,15,8,1,0,2,False,True,True,[1 1 1 1 1 1 0 0 2 1 1 0],[0 0 0 1 1 1 0 1 0 1 0 1],"[0.133    0.183    0.358    0.1      0.133    0.15     0.15     0.308
 0.417    0.183    0.267    0.219844]",1,sb_int-additive_comp-absolute_gbatt-true_gbalt-false_lk-none_inh-free,0
357,1,2,133,attraction,B,M,1,target,5250.0,0.78,0.62,0.6,8,15,14,2,1,0,False,False,True,[2 1 2 2 1 1 0 0 1 2 1 1 0 0 0 0 1 1 1],[0 1 1 1 0 0 0 1 1 0 1 0 1 0 1 1 1 0 0],"[0.283    0.133    0.133    0.175    0.183    0.091    0.267    0.383
 0.266    0.275    0.158    0.191    0.141    0.183    0.258    0.308
 0.233    0.191    0.201969]",2,sb_int-additive_comp-absolute_gbatt-true_gbalt-false_lk-none_inh-free,0
358,1,2,134,attraction,A,M,1,competitor,9010.0,0.72,0.68,0.7,8,14,7,0,1,2,True,True,True,[0 0 1 1 2 2 1 0 0 0 1 1 2 1 0 0 0 0 0 1 1 1 1 1 2 2 1],[0 0 0 0 0 0 0 0 1 1 1 0 0 0 0 1 1 0 0 0 0 0 1 1 1 0 0],"[0.333    0.083    0.116    0.141    0.233    0.208    0.183    0.183
 0.158    0.191    0.15     0.367    1.093    0.141    0.558    0.091
 0.191    0.3      0.851    0.258    0.208    0.2      0.175    0.141
 0.175    0.5      0.197399]",1,sb_int-additive_comp-absolute_gbatt-true_gbalt-false_lk-none_inh-free,0
359,1,2,135,compromise,A,M,1,competitor,4480.0,0.78,0.62,0.85,8,15,4,0,1,2,False,False,True,[0 0 0 0 1 1 2 2 1 1 1 0 0 0 1 1 1 1],[1 1 0 0 0 0 1 0 0 0 1 1 0 0 0 0 1 1],"[0.108   0.175   0.133   0.291   0.175   0.242   0.2     0.759   0.116
 0.116   0.283   0.216   0.192   0.133   0.15    0.083   0.308   0.07716]",2,sb_int-additive_comp-absolute_gbatt-true_gbalt-false_lk-none_inh-free,0
360,1,2,136,attraction,A,M,1,competitor,2480.0,0.72,0.65,0.7,8,15,7,2,1,0,False,False,False,[2 2 2 2 1 1 0 0 1 1],[0 1 0 0 0 0 0 1 1 1],"[0.141    0.308    0.133    0.15     0.116    0.183    0.367    0.191
 0.125    0.343353]",1,sb_int-additive_comp-absolute_gbatt-true_gbalt-false_lk-none_inh-free,0
361,1,2,137,attraction,B,R,1,target,4550.0,0.72,0.62,0.6,9,15,14,1,2,0,True,False,False,[2 2 2 2 0 0 1 1 1 1 0 0 2 2 2 1 1 1 2 2 1 1],[0 0 1 1 1 1 0 1 1 1 1 1 0 0 1 1 1 0 1 1 1 1],"[0.083    0.108    0.1      0.108    0.158    0.175    0.225    0.166
 0.183    0.308    0.091    0.158    0.166    0.108    0.2      0.192
 0.125    0.2      0.108    0.108    0.275    0.202979]",0,sb_int-additive_comp-absolute_gbatt-true_gbalt-false_lk-none_inh-free,0
362,1,2,138,attraction,B,L,1,target,2860.0,0.75,0.62,0.6,8,15,14,2,0,1,True,True,True,[2 2 2 1 2 0 0 2 2 1 1 0],[0 0 0 0 0 0 0 0 1 1 0 0],"[0.175    0.166    0.2      0.3      0.225    0.225    0.133    0.2
 0.208    0.308    0.183    0.083193]",2,sb_int-additive_comp-absolute_gbatt-true_gbalt-false_lk-none_inh-free,0
363,1,2,139,attraction,A,M,1,competitor,5070.0,0.78,0.62,0.76,9,14,8,2,1,0,False,True,True,[2 2 1 2 2 1 1 1 1 2 1 1 0 0 1 1 1 0 0],[0 0 0 0 0 0 0 1 0 1 0 0 1 1 0 1 1 0 1],"[0.083   0.308   0.283   0.35    0.1     0.158   0.091   0.467   0.183
 0.241   0.158   0.083   0.342   0.125   0.25    0.083   0.2     0.2
 0.07882]",0,sb_int-additive_comp-absolute_gbatt-true_gbalt-false_lk-none_inh-free,0
364,1,2,140,attraction,A,M,1,competitor,9710.0,0.72,0.65,0.7,8,14,7,0,1,2,True,False,False,[1 0 0 0 0 1 1 2 2 1 1 2 2 1 1 1 0 0 0 0 1 1 2 1 1 1 0 0 1 1 1 1 2 2],[1 1 0 0 0 0 0 0 1 1 0 0 0 0 1 1 0 1 1 0 1 0 0 0 1 1 0 1 1 1 0 0 0 1],"[0.35  0.2   0.108 0.1   0.333 0.15  0.158 0.242 0.584 0.2   0.208 0.408
 0.083 0.2   0.166 0.258 0.25  0.233 0.208 0.192 0.216 0.258 0.508 0.25
 0.225 0.392 0.4   0.183 0.108 0.559 0.091 0.125 0.183 0.166]",1,sb_int-additive_comp-absolute_gbatt-true_gbalt-false_lk-none_inh-free,0
365,1,2,141,compromise,A,M,1,competitor,2870.0,0.78,0.65,0.82,9,14,5,0,1,2,False,False,False,[1 0 0 0 0 1 2 2 1 1 2],[1 1 1 0 0 0 0 0 1 1 1],"[0.116    0.208    0.125    0.2      0.283    0.25     0.1      0.442
 0.166    0.183    0.405855]",1,sb_int-additive_comp-absolute_gbatt-true_gbalt-false_lk-none_inh-free,0
366,1,2,142,attraction,B,M,1,target,4640.0,0.78,0.62,0.6,9,15,14,0,1,2,False,True,False,[1 1 1 0 0 1 1 2 2 2 1 1 2 2 2 1 0],[0 0 0 0 0 0 0 1 0 0 0 1 0 1 1 0 1],"[0.15     0.225    0.175    0.116    0.483    0.183    0.15     0.216
 0.266    0.567    0.225    0.183    0.133    0.283    0.141    0.225
 0.255232]",0,sb_int-additive_comp-absolute_gbatt-true_gbalt-false_lk-none_inh-free,0
367,1,2,143,compromise,B,M,2,decoy,2660.0,0.72,0.62,0.55,9,14,29,2,0,1,False,False,False,[2 2 1 1 2 2 2 0],[1 0 0 1 1 0 0 0],[0.216 0.208 0.433 0.25  0.241 0.175 0.116 0.283],2,sb_int-additive_comp-absolute_gbatt-true_gbalt-false_lk-none_inh-free,0
368,1,2,144,compromise,B,L,2,decoy,4040.0,0.72,0.68,0.55,8,14,29,1,2,0,True,False,True,[0 0 0 2 2 2 2 0 0 1 2 1 1 1],[0 0 0 1 1 1 1 0 0 1 0 1 1 0],"[0.116    0.25     0.717    0.141    0.317    0.125    0.2      0.2
 0.15     0.383    0.291    0.158    0.325    0.092803]",0,sb_int-additive_comp-absolute_gbatt-true_gbalt-false_lk-none_inh-free,0
369,1,2,145,compromise,A,M,1,competitor,3050.0,0.75,0.62,0.88,8,15,5,2,1,0,False,True,False,[2 2 2 2 2 1 1 0 0 0 1 1 2],[1 1 0 0 1 0 0 1 0 0 0 1 1],"[0.25     0.091    0.216    0.15     0.108    0.275    0.166    0.283
 0.116    0.208    0.191    0.358    0.104521]",1,sb_int-additive_comp-absolute_gbatt-true_gbalt-false_lk-none_inh-free,0
370,1,2,146,attraction,A,M,1,competitor,2040.0,0.72,0.65,0.7,8,15,7,2,1,0,False,True,True,[1 1 1 0 0 2 2 1 1],[0 0 0 1 1 1 1 0 1],"[0.166    0.225    0.242    0.158    0.158    0.158    0.141    0.175
 0.401461]",2,sb_int-additive_comp-absolute_gbatt-true_gbalt-false_lk-none_inh-free,0
371,1,2,147,compromise,A,L,1,competitor,2210.0,0.75,0.62,0.88,9,15,4,2,0,1,False,False,True,[2 2 2 0 1 1 1],[0 1 1 0 1 1 0],[0.425    0.2      0.15     0.317    0.266    0.133    0.391028],2,sb_int-additive_comp-absolute_gbatt-true_gbalt-false_lk-none_inh-free,0
372,1,2,148,attraction,A,L,1,competitor,2890.0,0.75,0.65,0.73,9,15,8,1,0,2,False,False,True,[0 0 1 1 1 2 2 2 1 1],[1 0 1 0 0 1 0 0 1 1],"[0.408    0.225    0.241    0.141    0.175    0.183    0.208    0.225
 0.216    0.224376]",2,sb_int-additive_comp-absolute_gbatt-true_gbalt-false_lk-none_inh-free,0
373,1,2,149,compromise,B,L,2,decoy,2580.0,0.72,0.65,0.55,8,15,29,2,1,0,False,True,True,[1 1 2 2 2 1 1 1 0 0],[0 0 1 0 0 0 0 1 0 1],"[0.241    0.233    0.267    0.091    0.183    0.158    0.242    0.2
 0.1      0.216827]",1,sb_int-additive_comp-absolute_gbatt-true_gbalt-false_lk-none_inh-free,0
374,1,2,150,compromise,A,R,1,competitor,2380.0,0.78,0.68,0.85,8,15,4,0,2,1,True,False,True,[2 0 0 2 1 1 1 1 1 1 1],[0 0 1 1 0 1 1 1 0 0 1],"[0.166    0.258    0.15     0.175    0.267    0.175    0.2      0.133
 0.108    0.116    0.132663]",0,sb_int-additive_comp-absolute_gbatt-true_gbalt-false_lk-none_inh-free,0
375,1,3,151,attraction,A,L,1,competitor,4750.0,0.75,0.65,0.73,11,15,10,1,0,2,True,True,False,[0 1 1 0 0 0 2 2 2 0 0 2 0 1 1 1 0 0 0 1],[0 0 0 0 0 0 0 0 1 1 1 0 0 0 1 1 1 0 0 0],"[0.15     0.242    0.133    0.1      0.575    0.2      0.166    0.158
 0.241    0.083    0.108    0.158    0.1      0.325    0.183    0.116
 0.3      0.25     0.116    0.104751]",2,sb_int-additive_comp-absolute_gbatt-true_gbalt-false_lk-none_inh-free,0
376,1,3,152,compromise,B,R,0,competitor,8940.0,0.72,0.68,0.58,10,15,21,2,1,0,True,True,True,[1 2 2 2 1 1 0 0 2 2 1 1 1 1 1 0 0 2 2 0 0 1 1 2 2 2 1 1 1 1 2 0 0 0 0],[0 0 0 0 0 0 0 0 0 1 1 1 0 0 1 1 0 0 1 1 1 1 1 1 0 0 0 0 1 1 1 1 0 0 0],"[0.141    0.208    0.25     0.1      0.183    0.141    0.191    0.141
 0.15     0.258    0.175    0.108    0.2      0.425    0.292    0.35
 0.342    0.408    0.333    0.141    0.55     0.233    0.099    0.125
 0.116    0.091    0.116    0.166    0.217    0.116    0.158    0.333
 0.2      0.241    0.228825]",1,sb_int-additive_comp-absolute_gbatt-true_gbalt-false_lk-none_inh-free,0
377,1,3,153,attraction,A,M,0,target,5000.0,0.78,0.62,0.76,11,14,10,1,2,0,True,True,True,[0 2 2 0 0 1 1 1 0 2 1 1 0 0 2 2 1 0 0 0 0 2],[0 0 0 0 0 0 1 1 1 1 0 0 0 0 0 1 1 1 1 0 0 0],"[0.091    0.225    0.158    0.241    0.116    0.308    0.116    0.158
 0.191    0.15     0.216    0.15     0.1      0.091    0.367    0.158
 0.417    0.116    0.3      0.233    0.208    0.112824]",0,sb_int-additive_comp-absolute_gbatt-true_gbalt-false_lk-none_inh-free,0
378,1,3,154,compromise,B,M,0,competitor,4610.0,0.75,0.62,0.58,11,14,21,1,0,2,True,True,True,[1 1 0 0 2 2 2 1 1 0 2 2 0 0 0 1 1 0 0 0 1],[0 0 0 0 0 1 1 1 1 1 0 0 0 0 0 0 1 1 1 0 0],"[0.216    0.108    0.1      0.175    0.358    0.083    0.183    0.166
 0.141    0.2      0.166    0.175    0.125    0.158    0.108    0.258
 0.225    0.2      0.141    0.509    0.039071]",0,sb_int-additive_comp-absolute_gbatt-true_gbalt-false_lk-none_inh-free,0
379,1,3,155,compromise,B,M,0,competitor,4120.0,0.72,0.65,0.55,10,15,21,1,2,0,True,True,True,[0 2 0 0 1 2 2 0 1 1 1 0 0 1 0 0],[0 0 0 0 0 1 1 1 1 0 0 0 0 1 1 0],"[0.158    0.225    0.167    0.333    0.3      0.083    0.233    0.241
 0.141    0.191    0.158    0.233    0.116    0.266    0.208    0.401556]",0,sb_int-additive_comp-absolute_gbatt-true_gbalt-false_lk-none_inh-free,0
380,1,3,156,attraction,A,M,1,competitor,3160.0,0.75,0.68,0.73,10,14,9,0,1,2,False,True,True,[1 0 0 0 1 1 1 1 2 2 1 1 0 1],[0 1 0 0 0 0 0 0 0 0 0 1 1 0],"[0.158    0.208    0.125    0.166    0.158    0.233    0.116    0.141
 0.116    0.342    0.191    0.283    0.2      0.129513]",0,sb_int-additive_comp-absolute_gbatt-true_gbalt-false_lk-none_inh-free,0
381,1,3,157,compromise,B,M,2,decoy,4560.0,0.72,0.68,0.58,11,14,21,2,0,1,True,True,True,[1 1 2 0 2 2 0 0 1 1 2 0 0 0 2 2],[0 0 0 0 1 1 1 0 0 1 1 1 0 0 0 1],"[0.342    0.158    0.275    0.225    0.183    0.183    0.2      0.35
 0.241    0.342    0.183    0.291    0.15     0.208    0.392    0.097643]",1,sb_int-additive_comp-absolute_gbatt-true_gbalt-false_lk-none_inh-free,0
382,1,3,158,attraction,B,R,1,target,6710.0,0.78,0.68,0.66,10,14,13,0,2,1,False,True,False,[2 2 0 1 1 2 2 2 1 1 2 0 0 0 1 1 2 2 2 1 1 1 0 0],[1 1 0 1 1 1 1 1 1 1 1 1 0 0 1 0 1 0 0 1 0 0 1 1],"[0.158    0.1      0.091    0.091    0.141    0.584    0.183    0.125
 0.191    0.667    0.358    0.125    0.141    0.183    0.083    0.275
 0.216    0.175    0.133    0.15     0.125    0.1      0.125    0.231294]",0,sb_int-additive_comp-absolute_gbatt-true_gbalt-false_lk-none_inh-free,0
383,1,3,159,attraction,A,L,1,competitor,3340.0,0.78,0.68,0.76,11,15,10,2,0,1,False,False,True,[2 1 1 1 2 2 0 0 1 1 1 0 0],[0 1 1 1 0 1 0 1 1 0 0 1 0],"[0.116    0.2      0.166    0.158    0.267    0.417    0.308    0.2
 0.292    0.125    0.116    0.241    0.072514]",0,sb_int-additive_comp-absolute_gbatt-true_gbalt-false_lk-none_inh-free,0
384,1,3,160,attraction,B,M,1,target,8220.0,0.78,0.62,0.6,11,15,14,0,1,2,False,True,True,[0 0 0 0 0 0 0 0 1 1 1 1 1 2 2 2 1 0 0 0 1 1 2 2 1 1 0 1 2 2 2 2 1 1 1],[1 1 0 0 1 1 0 0 0 0 0 0 0 0 0 0 0 0 0 0 0 0 0 1 1 0 1 0 0 0 1 1 1 1 0],"[0.158   0.2     0.141   0.292   0.233   0.225   0.1     0.091   0.125
 0.125   0.183   0.191   0.125   0.166   0.191   0.208   0.1     0.216
 0.801   0.166   0.141   0.233   0.425   0.15    0.216   0.141   0.208
 0.2     0.125   0.266   0.125   0.183   0.083   0.183   0.13907]",0,sb_int-additive_comp-absolute_gbatt-true_gbalt-false_lk-none_inh-free,0
385,1,3,161,attraction,A,R,1,competitor,7400.0,0.75,0.65,0.73,11,14,10,0,2,1,False,False,True,[0 0 0 0 2 2 1 1 1 1 1 1 2 2 0 0 0 2 1 1 1 2 2 1 1 1 1 1 2 2 2],[1 1 0 0 1 1 0 1 1 1 1 0 0 0 1 1 0 1 0 1 1 1 1 0 1 1 1 0 0 0 1],"[0.133   0.15    0.266   0.266   0.191   0.183   0.233   0.208   0.25
 0.116   0.125   0.216   0.175   0.158   0.166   0.266   0.191   0.175
 0.183   0.191   0.083   0.083   0.233   0.133   0.291   0.292   0.116
 0.3     0.225   0.091   0.08662]",0,sb_int-additive_comp-absolute_gbatt-true_gbalt-false_lk-none_inh-free,0
386,1,3,162,compromise,A,L,1,competitor,6150.0,0.75,0.68,0.88,10,15,9,2,0,1,True,False,False,[2 1 1 1 1 1 1 2 2 2 2 0 0 0 0 0 0 1 1 1 1 1 0 0],[1 1 1 0 0 1 1 1 0 1 1 0 1 0 0 1 1 1 1 0 0 1 0 0],"[0.158 0.116 0.266 0.233 0.241 0.108 0.125 0.191 0.266 0.1   0.116 0.216
 0.275 0.091 0.45  0.225 0.125 0.116 0.275 0.133 0.291 0.2   0.158 0.267]",2,sb_int-additive_comp-absolute_gbatt-true_gbalt-false_lk-none_inh-free,0
387,1,3,163,compromise,B,R,1,target,9260.0,0.72,0.68,0.55,10,14,21,1,2,0,False,True,True,[2 2 2 0 0 0 1 1 1 1 0 2 0 0 1 1 0 2 2 1 1 1 1 1 0 0 0 1 1 1 1 0 0 0 1 1],[0 0 0 1 1 1 0 1 1 1 1 0 1 1 1 1 1 0 1 1 1 1 0 0 1 1 0 1 1 0 0 0 0 1 1 0],"[0.175    0.258    0.2      0.15     0.108    0.425    0.25     0.258
 0.392    0.141    0.116    0.367    0.158    0.433    0.175    0.141
 0.183    0.458    0.266    0.091    0.2      0.091    0.116    0.667
 0.125    0.333    0.141    0.158    0.233    0.225    0.175    0.108
 0.091    0.183    0.183    0.027596]",1,sb_int-additive_comp-absolute_gbatt-true_gbalt-false_lk-none_inh-free,0
388,1,3,164,attraction,A,M,1,competitor,2860.0,0.78,0.68,0.76,10,15,9,2,1,0,False,True,True,[2 2 2 2 1 1 0 1 1 1 2 1 0 0],[0 0 1 1 0 0 1 0 1 1 0 0 0 0],"[0.15     0.133    0.208    0.175    0.091    0.183    0.342    0.15
 0.2      0.133    0.233    0.141    0.141    0.058053]",0,sb_int-additive_comp-absolute_gbatt-true_gbalt-false_lk-none_inh-free,0
389,1,3,165,attraction,A,M,1,competitor,2890.0,0.72,0.65,0.7,10,15,9,2,1,0,True,True,True,[1 2 1 0 0 1 1 1 2 0 1],[0 0 0 0 0 1 1 0 1 1 0],"[0.116    0.317    0.208    0.108    0.233    0.175    0.217    0.367
 0.191    0.225    0.066752]",2,sb_int-additive_comp-absolute_gbatt-true_gbalt-false_lk-none_inh-free,0
390,1,3,166,attraction,B,M,1,target,3350.0,0.78,0.62,0.6,10,15,14,0,1,2,False,False,True,[0 0 0 1 1 2 2 1 2 2 2 0],[1 0 0 0 0 1 0 1 0 0 1 1],"[0.2      0.183    0.175    0.108    0.141    0.25     0.333    0.734
 0.275    0.191    0.15     0.153242]",0,sb_int-additive_comp-absolute_gbatt-true_gbalt-false_lk-none_inh-free,0
391,1,3,167,compromise,B,L,0,competitor,3520.0,0.72,0.65,0.52,11,15,20,0,1,2,False,False,False,[1 1 0 1 2 2 2 1 1 0 0 0 1 1],[1 0 0 0 0 1 1 1 1 1 0 0 0 1],"[0.175 0.25  0.317 0.233 0.208 0.242 0.125 0.233 0.2   0.267 0.1   0.216
 0.158 0.217]",2,sb_int-additive_comp-absolute_gbatt-true_gbalt-false_lk-none_inh-free,0
392,1,3,168,compromise,B,R,1,target,4280.0,0.72,0.62,0.55,11,14,21,1,2,0,True,True,True,[0 2 0 0 1 1 2 2 1 1 1 0 0 1 0 1],[0 0 0 0 0 1 0 1 1 1 0 0 1 1 0 0],"[0.225    0.217    0.125    0.175    0.475    0.133    0.25     0.291
 0.116    0.25     0.191    0.3      0.258    0.091    0.233    0.186194]",2,sb_int-additive_comp-absolute_gbatt-true_gbalt-false_lk-none_inh-free,0
393,1,3,169,filler,,M,2,,8320.0,0.32,0.6,0.78,31,16,12,0,2,1,False,True,True,[2 0 0 0 0 2 2 0 0 2 2 2 1 1 1 2 2 2 1 1 1 2 2 1 1 1 2 2 2 2 1],[0 0 0 0 0 0 0 1 1 0 1 0 0 1 1 1 0 0 0 1 1 1 0 0 1 1 1 1 0 0 0],"[0.233 0.1   0.325 0.083 0.1   0.15  0.217 0.108 0.141 0.375 0.258 0.158
 0.266 0.191 0.191 0.241 0.233 0.108 0.358 0.166 0.166 0.15  0.108 0.417
 0.241 0.158 0.208 0.325 0.35  0.258 0.433]",2,sb_int-additive_comp-absolute_gbatt-true_gbalt-false_lk-none_inh-free,0
394,1,3,170,attraction,B,L,1,target,4390.0,0.72,0.62,0.6,11,14,13,1,0,2,True,False,True,[0 0 0 1 1 1 1 1 0 0 2 2 2 2 1 1 0 0 2 2],[0 1 1 1 1 1 1 1 1 1 1 0 0 0 1 0 1 0 1 0],"[0.225    0.233    0.091    0.1      0.125    0.166    0.258    0.108
 0.125    0.133    0.233    0.2      0.158    0.1      0.216    0.325
 0.175    0.317    0.258    0.175868]",2,sb_int-additive_comp-absolute_gbatt-true_gbalt-false_lk-none_inh-free,0
395,1,3,171,compromise,A,M,1,competitor,6050.0,0.78,0.62,0.85,11,14,8,0,1,2,True,True,False,[0 0 0 1 1 1 1 0 0 0 0 0 1 2 2 2 1 1 1 0 0 1 0 1],[0 0 0 0 0 0 0 0 0 0 0 0 0 1 1 0 0 0 1 1 1 0 0 0],"[0.141 0.275 0.141 0.183 0.133 0.533 0.175 0.183 0.166 0.116 0.15  0.2
 0.308 0.125 0.15  0.325 0.225 0.091 0.25  0.091 0.083 0.133 0.25  0.292]",0,sb_int-additive_comp-absolute_gbatt-true_gbalt-false_lk-none_inh-free,0
396,1,3,172,filler,,M,2,,8180.0,0.19,0.59,0.81,52,16,12,2,0,1,False,False,True,[2 1 1 1 1 1 1 2 2 0 0 0 1 1 1 1 2 0 0 0 0 2 2 2 1 1 1 1 2 2 2 2],[0 1 1 1 1 1 1 1 1 0 0 1 1 1 0 0 1 0 0 1 1 0 0 1 1 1 0 0 0 1 0 1],"[0.166    0.091    0.409    0.433    0.325    0.2      0.258    0.158
 0.183    0.208    0.133    0.091    0.125    0.25     0.083    0.267
 0.25     0.108    0.392    0.116    0.116    0.283    0.166    0.166
 0.191    0.191    0.091    0.225    0.216    0.208    0.308    0.083452]",2,sb_int-additive_comp-absolute_gbatt-true_gbalt-false_lk-none_inh-free,0
397,1,3,173,compromise,A,L,1,competitor,4860.0,0.72,0.68,0.82,11,15,8,1,0,2,False,True,False,[1 1 1 1 0 2 2 2 0 1 1 1 0 0 0 0 2 2 1 1],[0 0 1 1 1 1 0 0 1 1 0 0 1 1 0 1 0 1 0 0],"[0.133 0.15  0.175 0.166 0.3   0.091 0.258 0.133 0.4   0.191 0.216 0.158
 0.116 0.292 0.3   0.191 0.258 0.15  0.166 0.141]",0,sb_int-additive_comp-absolute_gbatt-true_gbalt-false_lk-none_inh-free,0
398,1,3,174,compromise,A,M,1,competitor,12170.0,0.78,0.68,0.82,11,15,9,0,1,2,False,True,True,"[0 0 0 0 1 1 0 1 1 2 2 2 2 0 0 0 0 1 1 2 2 2 2 2 1 1 1 0 0 1 1 1 2 2 2 0 0
 1 2 2 2 2 2 1 1 0 0 1 1 1]","[1 1 0 0 0 0 0 1 1 1 0 0 0 1 1 0 0 0 0 0 0 0 0 0 0 0 0 0 1 0 0 1 0 0 1 1 1
 1 1 1 0 0 0 0 0 0 0 1 0 0]","[0.141    0.108    0.225    0.2      0.233    0.175    0.291    0.091
 0.141    0.191    0.083    0.158    0.1      0.15     0.175    0.266
 0.292    0.166    0.208    0.183    0.283    0.3      0.266    0.125
 0.233    0.3      0.242    0.2      0.35     0.15     0.191    0.292
 0.2      0.2      0.175    0.083    0.258    0.175    0.083    0.141
 0.233    0.191    0.1      0.2      0.125    0.15     0.191    0.242
 0.15     0.202572]",2,sb_int-additive_comp-absolute_gbatt-true_gbalt-false_lk-none_inh-free,0
399,1,3,175,compromise,A,R,1,competitor,3700.0,0.75,0.62,0.88,11,15,8,0,2,1,True,True,True,[0 0 2 2 1 1 0 2 1 1 1 2],[0 0 0 0 0 1 0 0 0 1 1 1],"[0.2      0.158    0.175    0.292    0.375    0.25     0.275    0.141
 0.308    0.233    0.241    0.180052]",2,sb_int-additive_comp-absolute_gbatt-true_gbalt-false_lk-none_inh-free,0
400,1,3,176,compromise,A,R,1,competitor,9840.0,0.75,0.65,0.82,11,15,8,1,2,0,True,True,False,"[2 2 0 0 1 1 1 0 2 2 2 2 2 0 0 0 1 1 1 1 0 0 0 0 1 1 1 0 0 2 0 1 1 1 0 0 0
 0 2 2 2]","[1 1 1 1 1 0 0 0 1 1 1 1 0 1 1 0 0 0 1 1 0 0 1 0 0 0 1 0 0 0 1 1 0 0 0 0 1
 1 0 0 1]","[0.15  0.333 0.175 0.116 0.216 0.283 0.433 0.208 0.342 0.191 0.25  0.483
 0.133 0.191 0.125 0.15  0.2   0.183 0.141 0.083 0.083 0.225 0.283 0.166
 0.141 0.133 0.2   0.091 0.283 0.258 0.133 0.325 0.1   0.191 0.1   0.325
 0.175 0.166 0.083 0.191 0.166]",2,sb_int-additive_comp-absolute_gbatt-true_gbalt-false_lk-none_inh-free,0
401,1,3,177,attraction,A,M,0,target,3860.0,0.75,0.65,0.73,11,14,10,1,2,0,True,False,False,[2 2 2 0 0 0 1 1 1 1 0 0 0 1 0 0 0 2],[1 0 0 0 0 1 0 1 0 0 0 0 1 1 0 0 1 1],"[0.225 0.158 0.175 0.083 0.125 0.2   0.183 0.383 0.116 0.083 0.175 0.2
 0.15  0.192 0.25  0.225 0.116 0.216]",1,sb_int-additive_comp-absolute_gbatt-true_gbalt-false_lk-none_inh-free,0
402,1,3,178,attraction,B,M,1,target,3700.0,0.72,0.62,0.6,10,15,14,2,1,0,True,False,True,[1 1 1 2 2 1 1 0 0 1 1 2 2 0 1 0],[1 0 0 0 0 0 0 1 0 1 1 0 1 1 1 0],"[0.216 0.108 0.2   0.216 0.267 0.133 0.1   0.083 0.392 0.083 0.225 0.2
 0.191 0.241 0.125 0.166]",1,sb_int-additive_comp-absolute_gbatt-true_gbalt-false_lk-none_inh-free,0
403,1,3,179,filler,,L,2,,2900.0,0.29,0.42,0.72,34,23,13,2,1,0,True,True,True,[1 1 2 2 1 1 1 0 0 2 2 2 2 0],[0 0 0 0 0 1 1 1 1 1 1 0 0 0],"[0.191    0.183    0.108    0.208    0.083    0.133    0.108    0.133
 0.233    0.158    0.133    0.241    0.141    0.047811]",2,sb_int-additive_comp-absolute_gbatt-true_gbalt-false_lk-none_inh-free,0
404,1,3,180,compromise,A,M,2,decoy,8730.0,0.78,0.62,0.85,10,15,8,2,0,1,False,False,True,[1 1 1 2 2 0 0 0 2 2 1 1 1 2 2 2 1 2 2 0 0 0 0 2 2 0 0 2 0 2 0 0 1 1 2],[1 1 1 1 1 0 1 1 0 0 1 1 0 1 1 0 1 0 1 1 1 0 1 1 1 1 1 0 0 1 1 1 0 0 0],"[0.158    0.183    0.15     0.15     0.108    0.25     0.166    0.141
 0.158    0.325    0.317    0.116    0.175    0.166    0.166    0.333
 0.233    0.083    0.3      0.083    0.333    0.266    0.141    0.083
 0.225    0.342    0.108    0.542    0.225    0.116    0.175    0.2
 0.208    0.108    0.138757]",1,sb_int-additive_comp-absolute_gbatt-true_gbalt-false_lk-none_inh-free,0
405,1,3,181,compromise,B,M,0,competitor,8160.0,0.75,0.65,0.55,11,14,20,1,0,2,True,True,False,[1 1 0 0 2 2 2 2 0 0 2 0 0 1 1 1 1 0 0 1 0 0 0 0 0 1 1 0 0 0 1],[0 0 0 0 1 1 0 1 1 1 0 0 0 0 1 0 0 0 0 0 0 0 1 1 0 0 1 1 0 0 0],"[0.266    0.208    0.183    0.1      0.083    0.141    0.358    0.442
 0.125    0.125    0.3      0.3      0.141    0.342    0.25     0.191
 0.2      0.183    0.267    0.275    0.108    0.125    0.083    0.266
 0.233    0.275    0.283    0.2      0.15     0.45     0.125295]",1,sb_int-additive_comp-absolute_gbatt-true_gbalt-false_lk-none_inh-free,0
406,1,3,182,compromise,B,R,1,target,4210.0,0.72,0.68,0.52,11,15,21,0,2,1,False,False,False,[2 2 0 0 2 1 1 1 1 1 0 0 0 0 1 1],[1 0 0 0 1 1 1 0 0 1 1 1 0 0 0 1],"[0.183    0.4      0.208    0.158    0.567    0.158    0.166    0.158
 0.233    0.367    0.133    0.15     0.158    0.125    0.233    0.078808]",1,sb_int-additive_comp-absolute_gbatt-true_gbalt-false_lk-none_inh-free,0
407,1,3,183,attraction,B,R,1,target,7010.0,0.72,0.65,0.63,11,14,13,1,2,0,True,True,False,[2 0 2 2 2 0 0 1 1 2 2 0 2 1 1 0 1 2 2 1 1 1 2 1],[0 1 1 1 1 1 1 0 0 1 1 0 1 0 0 0 1 0 0 1 1 0 1 0],"[0.342    0.125    0.166    0.333    0.216    0.2      0.158    0.166
 0.383    0.108    0.125    0.266    0.283    0.267    0.166    0.475
 0.208    0.208    0.166    0.116    0.15     0.242    0.283    0.060344]",2,sb_int-additive_comp-absolute_gbatt-true_gbalt-false_lk-none_inh-free,0
408,1,3,184,attraction,B,M,1,target,3170.0,0.72,0.62,0.6,11,15,14,0,1,2,False,True,True,[0 0 0 1 1 2 2 1 1 2 2 2 2 1 1 0],[1 0 0 0 0 0 0 0 1 1 1 0 0 0 0 1],"[0.158    0.191    0.175    0.125    0.175    0.125    0.158    0.116
 0.358    0.108    0.116    0.125    0.116    0.233    0.191    0.050175]",0,sb_int-additive_comp-absolute_gbatt-true_gbalt-false_lk-none_inh-free,0
409,1,3,185,attraction,B,R,0,competitor,5430.0,0.78,0.62,0.6,10,14,13,2,0,1,False,True,True,[2 1 1 2 0 0 1 1 1 2 0 0 0 2 2 0 1 1 0 0 2 2],[0 0 0 1 1 1 0 0 1 1 0 1 1 0 0 1 1 1 0 0 1 1],"[0.175    0.116    0.225    0.283    0.166    0.108    0.083    0.216
 0.208    0.2      0.25     0.283    0.158    0.166    0.333    0.1
 0.15     0.166    0.158    0.166    0.141    0.219063]",0,sb_int-additive_comp-absolute_gbatt-true_gbalt-false_lk-none_inh-free,0
410,1,3,186,attraction,A,L,1,competitor,7640.0,0.72,0.65,0.7,10,14,9,2,0,1,False,False,True,[2 2 2 1 1 0 0 1 1 0 2 2 2 0 1 1 0 0 1 2 1 1 2 0 0 0 1],[0 1 1 1 1 0 1 1 0 0 1 1 0 1 1 1 1 0 0 1 1 1 0 0 0 1 1],"[0.158    0.2      0.15     0.175    0.133    0.241    0.25     0.325
 0.266    0.225    0.125    0.15     0.3      0.392    0.258    0.258
 0.183    0.125    0.191    0.116    0.091    0.292    0.175    0.15
 0.116    0.083    0.154611]",1,sb_int-additive_comp-absolute_gbatt-true_gbalt-false_lk-none_inh-free,0
411,1,3,187,attraction,A,R,1,competitor,14720.0,0.75,0.65,0.73,11,15,10,0,2,1,False,True,False,"[0 0 0 2 1 1 1 1 1 2 2 0 0 0 2 2 2 2 1 1 2 0 0 2 1 1 1 1 1 1 1 1 1 2 2 2 1
 0 0 2 1 1 1 1 1 2 2 2 0 0 0]","[1 0 0 1 0 1 1 0 0 0 0 1 1 1 1 1 0 0 0 0 1 0 0 1 0 0 1 1 1 1 1 0 0 0 0 1 0
 1 1 0 0 0 0 0 0 1 1 0 1 0 0]","[0.25     0.175    0.158    0.3      0.2      0.275    0.225    0.175
 0.241    0.158    0.166    0.166    0.367    0.433    0.166    0.533
 0.225    0.141    0.091    0.367    0.375    0.225    0.2      0.15
 0.125    0.225    0.108    0.725    0.458    0.567    0.116    0.2
 0.25     0.141    0.1      0.158    0.083    0.1      0.283    0.3
 0.2      0.116    0.091    0.275    0.108    0.125    0.225    0.166
 0.316    0.158    0.095665]",0,sb_int-additive_comp-absolute_gbatt-true_gbalt-false_lk-none_inh-free,0
412,1,3,188,filler,,R,2,,4600.0,0.19,0.56,0.8,52,17,12,1,0,2,True,False,True,[0 1 1 0 2 2 2 0 2 2 2 2 2 1 1 1 2 2 2],[0 1 1 1 0 0 0 0 0 0 1 0 0 1 1 0 1 1 0],"[0.158    0.158    0.292    0.133    0.216    0.2      0.192    0.233
 0.291    0.108    0.258    0.125    0.1      0.191    0.1      0.241
 0.208    0.241    0.026488]",2,sb_int-additive_comp-absolute_gbatt-true_gbalt-false_lk-none_inh-free,0
413,1,3,189,filler,,M,2,,4220.0,0.32,0.48,0.85,31,20,11,0,2,1,True,False,True,[2 2 0 0 0 0 0 0 2 2 2 2 2 2 1 1 1 2 2],[0 0 1 0 0 0 1 1 1 1 0 0 1 1 0 1 0 0 0],"[0.25     0.125    0.166    0.158    0.091    0.091    0.116    0.175
 0.208    0.133    0.208    0.183    0.091    0.133    0.183    0.458
 0.15     0.2      0.288718]",2,sb_int-additive_comp-absolute_gbatt-true_gbalt-false_lk-none_inh-free,0
414,1,3,190,attraction,A,L,1,competitor,3770.0,0.75,0.65,0.73,10,15,9,1,0,2,False,True,False,[1 1 1 1 0 0 2 2 2 1 1 0 2 2 0 0 0 0],[0 0 1 1 1 1 1 0 0 0 0 1 1 1 0 0 1 1],"[0.083    0.417    0.2      0.141    0.217    0.091    0.166    0.166
 0.116    0.133    0.208    0.266    0.083    0.25     0.133    0.15
 0.233    0.169319]",0,sb_int-additive_comp-absolute_gbatt-true_gbalt-false_lk-none_inh-free,0
415,1,3,191,compromise,B,M,0,competitor,14200.0,0.78,0.62,0.55,11,14,21,1,2,0,True,False,False,"[2 2 2 0 0 0 0 1 1 1 0 2 2 2 2 0 0 0 0 1 1 1 1 1 1 2 2 2 2 2 0 1 1 2 0 0 1
 1 1 1 0 0 0 0 0 0 0 1 1 1 0 0 1 0 0 1 1 1 0]","[1 1 0 0 0 1 1 0 1 1 0 0 0 0 1 0 1 1 1 0 1 0 0 1 1 1 0 0 1 1 0 1 1 0 1 1 0
 1 1 0 1 0 1 0 0 1 1 0 1 1 1 1 0 0 0 1 0 0 0]","[0.191    0.166    0.141    0.208    0.208    0.191    0.141    0.233
 0.125    0.191    0.175    0.241    0.266    0.191    0.116    0.65
 0.116    0.125    0.233    0.133    0.392    0.099    0.141    0.241
 0.325    0.225    0.158    0.216    0.15     0.225    0.233    0.2
 0.141    0.241    0.2      0.216    0.091    0.125    0.35     0.258
 0.141    0.367    0.116    0.3      0.108    0.158    0.15     0.225
 0.133    0.183    0.083    0.108    0.208    0.1      0.216    0.325
 0.116    0.133    0.231363]",0,sb_int-additive_comp-absolute_gbatt-true_gbalt-false_lk-none_inh-free,0
416,1,3,192,filler,,L,2,,3190.0,0.24,0.37,0.76,41,27,13,2,1,0,True,False,False,[2 2 2 1 0 1 1 0 0 2 2 2 2],[1 1 1 0 1 1 1 0 1 0 1 1 1],"[0.275    0.083    0.216    0.275    0.191    0.183    0.108    0.367
 0.083    0.158    0.125    0.2      0.433206]",2,sb_int-additive_comp-absolute_gbatt-true_gbalt-false_lk-none_inh-free,0
417,1,3,193,attraction,B,M,0,competitor,7230.0,0.75,0.65,0.63,10,14,13,1,0,2,True,False,False,[0 1 1 1 0 2 2 1 1 2 1 1 2 0 0 0 0 1 1 0 0 0 0 1 1 1 0],[0 1 1 1 1 0 1 1 0 0 1 1 1 0 1 1 0 1 0 1 1 0 1 0 1 1 0],"[0.141    0.225    0.133    0.15     0.225    0.242    0.275    0.166
 0.325    0.15     0.183    0.191    0.183    0.417    0.175    0.241
 0.342    0.333    0.308    0.192    0.158    0.317    0.15     0.225
 0.083    0.191    0.160616]",0,sb_int-additive_comp-absolute_gbatt-true_gbalt-false_lk-none_inh-free,0
418,1,3,194,attraction,B,L,1,target,4670.0,0.78,0.65,0.63,11,15,14,2,0,1,False,True,False,[1 1 1 1 1 2 0 0 0 0 2 1 1 2 1 1 1 2],[0 0 0 1 1 0 0 1 1 1 0 1 0 1 0 1 1 0],"[0.166    0.217    0.283    0.35     0.183    0.25     0.233    0.233
 0.116    0.1      0.283    0.208    0.275    0.392    0.266    0.091
 0.116    0.263737]",0,sb_int-additive_comp-absolute_gbatt-true_gbalt-false_lk-none_inh-free,0
419,1,3,195,compromise,B,L,0,competitor,3750.0,0.72,0.62,0.55,11,14,21,0,1,2,True,False,False,[0 0 1 1 2 2 2 1 1 0 0 0 0 1 1 0 0],[0 0 0 0 0 0 1 1 1 1 1 0 0 0 1 1 0],"[0.216    0.191    0.183    0.083    0.175    0.1      0.317    0.2
 0.108    0.175    0.15     0.166    0.141    0.25     0.3      0.233
 0.082593]",2,sb_int-additive_comp-absolute_gbatt-true_gbalt-false_lk-none_inh-free,0
420,1,3,196,compromise,B,M,0,competitor,5370.0,0.72,0.62,0.58,10,14,21,1,2,0,False,False,False,[2 2 0 1 0 2 0 0 0 2 0 0 1 1 1 0 0 0],[1 1 1 1 0 0 0 0 1 1 0 0 0 1 1 1 0 1],"[0.091   0.433   0.6     0.308   0.083   0.158   0.125   0.083   0.116
 0.333   0.2     0.166   0.258   0.133   0.258   0.292   0.175   0.28498]",2,sb_int-additive_comp-absolute_gbatt-true_gbalt-false_lk-none_inh-free,0
421,1,3,197,attraction,A,M,1,competitor,11540.0,0.72,0.65,0.7,11,15,10,2,1,0,True,True,False,"[2 2 2 2 1 1 1 0 0 0 0 1 1 2 2 0 0 0 1 2 2 2 2 2 2 1 1 1 2 1 1 2 2 1 0 0 1
 1 2 2 1]","[1 1 1 1 0 0 0 0 0 1 0 0 1 0 0 1 0 0 1 1 1 1 1 1 1 0 0 0 1 1 1 0 1 0 0 1 0
 1 0 1 0]","[0.1      0.116    0.183    0.141    0.367    0.2      0.116    0.083
 0.166    0.216    0.1      0.208    0.242    0.091    0.125    0.3
 0.216    0.241    0.158    0.208    0.175    0.091    0.208    0.5
 0.425    0.133    0.317    0.183    0.275    0.091    0.3      0.208
 0.083    0.15     0.175    0.166    0.308    0.4      0.166    0.2
 0.241966]",0,sb_int-additive_comp-absolute_gbatt-true_gbalt-false_lk-none_inh-free,0
422,1,3,198,filler,,M,2,,2710.0,0.31,0.38,0.85,32,26,11,0,2,1,False,False,False,[2 2 2 0 0 2 1 1 1 1 2],[1 0 0 0 1 1 1 1 0 0 0],"[0.208    0.091    0.166    0.191    0.3      0.317    0.116    0.225
 0.116    0.166    0.179154]",1,sb_int-additive_comp-absolute_gbatt-true_gbalt-false_lk-none_inh-free,0
423,1,3,199,attraction,B,R,0,competitor,10540.0,0.78,0.65,0.63,11,15,14,2,0,1,False,True,True,"[1 1 2 2 2 2 0 0 0 0 2 1 1 2 0 0 0 0 0 0 0 0 0 0 0 0 2 1 2 2 2 1 1 1 1 0 0
 0 2 1 2 2 0 0]","[0 0 0 1 1 1 0 1 1 1 0 0 0 1 1 1 0 1 1 1 1 1 1 0 1 1 0 0 1 1 0 0 0 1 1 0 0
 1 0 0 1 1 1 1]","[0.325    0.333    0.225    0.233    0.291    0.208    0.2      0.233
 0.208    0.133    0.108    0.292    0.133    0.141    0.141    0.242
 0.125    0.141    0.175    0.15     0.317    0.5      0.091    0.183
 0.1      0.091    0.191    0.125    0.15     0.141    0.108    0.258
 0.108    0.1      0.141    0.141    0.175    0.266    0.25     0.192
 0.166    0.125    0.133    0.087381]",1,sb_int-additive_comp-absolute_gbatt-true_gbalt-false_lk-none_inh-free,0
424,1,3,200,compromise,B,R,1,target,6610.0,0.75,0.68,0.55,10,14,20,0,2,1,True,False,False,[0 0 0 2 2 2 1 1 2 2 1 1 1 0 0 0 1 1 2 0 0 0 1 1 1],[0 0 0 0 0 0 0 0 0 1 1 0 0 0 0 0 1 1 1 0 0 1 1 0 1],"[0.225    0.191    0.2      0.175    0.2      0.1      0.325    0.258
 0.175    0.308    0.425    0.091    0.208    0.083    0.258    0.158
 0.183    0.567    0.125    0.216    0.116    0.108    0.108    0.267
 0.061035]",1,sb_int-additive_comp-absolute_gbatt-true_gbalt-false_lk-none_inh-free,0
425,1,3,201,compromise,B,L,0,competitor,9650.0,0.78,0.65,0.52,11,14,20,0,2,1,True,True,True,[0 0 0 2 1 2 2 1 0 0 0 1 1 1 1 0 0 1 2 2 1 1 1 1 1 1 1 1 0 0],[0 0 0 0 0 1 1 1 1 0 0 0 0 1 1 0 1 0 0 1 0 0 0 0 0 0 1 1 1 0],"[0.15     0.258    0.1      0.333    0.166    0.091    0.2      0.325
 0.175    0.175    0.108    0.216    0.375    0.108    0.108    0.442
 0.183    0.216    0.308    0.183    0.4      0.275    0.901    0.625
 0.467    0.5      0.116    0.125    0.175    0.280895]",2,sb_int-additive_comp-absolute_gbatt-true_gbalt-false_lk-none_inh-free,0
426,1,3,202,filler,,L,2,,3010.0,0.16,0.46,0.87,62,21,11,1,2,0,True,True,True,[2 2 0 1 0 0 1 1 2 2 1 1 2 2],[0 0 0 0 1 1 0 1 1 1 0 0 0 0],"[0.15     0.45     0.291    0.258    0.133    0.133    0.158    0.2
 0.15     0.125    0.191    0.091    0.1      0.035738]",2,sb_int-additive_comp-absolute_gbatt-true_gbalt-false_lk-none_inh-free,0
427,1,3,203,compromise,A,R,0,target,8540.0,0.72,0.65,0.82,11,15,8,2,1,0,True,False,True,[2 2 1 1 1 0 0 0 0 1 1 1 1 1 1 0 2 2 0 0 1 1 1 1 0 0 0 0 0 1 1 2 1 1],[0 0 1 0 0 0 0 0 0 0 0 0 0 1 1 0 1 0 1 1 0 0 0 1 0 0 1 0 0 1 1 0 0 0],"[0.216 0.367 0.292 0.25  0.258 0.258 0.217 0.166 0.191 0.091 0.15  0.216
 0.175 0.241 0.333 0.175 0.417 0.342 0.233 0.158 0.133 0.15  0.108 0.291
 0.225 0.125 0.141 0.241 0.175 0.2   0.1   0.175 0.1   0.108]",2,sb_int-additive_comp-absolute_gbatt-true_gbalt-false_lk-none_inh-free,0
428,1,3,204,compromise,A,R,0,target,4470.0,0.78,0.68,0.85,10,15,8,2,1,0,True,False,False,[2 2 2 2 2 1 1 1 1 0 0 0 1 0 0 0 1 1 2 1],[1 1 0 0 1 0 0 1 1 1 1 0 1 0 1 1 0 0 0 1],"[0.258    0.183    0.166    0.183    0.116    0.2      0.1      0.267
 0.091    0.083    0.225    0.25     0.258    0.333    0.083    0.141
 0.133    0.166    0.166    0.041667]",2,sb_int-additive_comp-absolute_gbatt-true_gbalt-false_lk-none_inh-free,0
429,1,3,205,compromise,A,M,2,decoy,9500.0,0.75,0.65,0.85,11,15,9,2,0,1,False,True,False,"[2 1 1 2 1 1 1 2 0 0 2 2 2 1 1 2 2 0 0 0 0 0 1 1 2 2 0 0 0 2 2 2 0 0 0 2 2
 0 0]","[1 1 1 0 1 1 1 0 0 1 1 1 1 0 0 1 0 0 1 1 1 1 1 1 0 1 1 0 0 1 1 0 0 1 1 1 1
 1 1]","[0.225    0.166    0.3      0.158    0.25     0.183    0.125    0.241
 0.225    0.408    0.216    0.083    0.2      0.275    0.208    0.45
 0.142    0.191    0.3      0.166    0.125    0.108    0.175    0.15
 0.208    0.283    0.35     0.2      0.133    0.283    0.15     0.083
 0.25     0.142    0.1      0.208    0.108    0.283    0.069879]",2,sb_int-additive_comp-absolute_gbatt-true_gbalt-false_lk-none_inh-free,0
430,1,3,206,compromise,A,M,0,target,4080.0,0.78,0.65,0.82,11,14,8,1,0,2,False,False,False,[1 1 1 2 2 2 2 1 0 0 0 2 0 0 2],[0 0 0 0 0 1 1 1 1 1 0 0 0 1 1],"[0.158    0.325    0.116    0.133    0.2      0.183    0.125    0.367
 0.133    0.267    0.175    0.308    0.191    0.183    0.220481]",2,sb_int-additive_comp-absolute_gbatt-true_gbalt-false_lk-none_inh-free,0
431,1,3,207,compromise,A,R,1,competitor,5340.0,0.72,0.68,0.82,11,15,8,1,2,0,True,True,True,[2 2 2 2 0 0 0 0 0 2 2 2 0 1 1 1 0 0 1],[0 0 0 1 0 0 0 1 0 0 1 0 0 0 1 1 1 1 0],"[0.5      0.317    0.15     0.216    0.091    0.125    0.15     0.216
 0.158    0.225    0.125    0.108    0.2      0.266    0.1      0.175
 0.208    0.083    0.200865]",2,sb_int-additive_comp-absolute_gbatt-true_gbalt-false_lk-none_inh-free,0
432,1,3,208,attraction,B,M,1,target,6290.0,0.78,0.65,0.63,10,15,14,2,1,0,True,True,True,[2 2 2 1 1 0 0 1 1 2 0 0 0 0 1 2 2 2 0 0 1 1 2 2 0 1 1 2],[0 0 0 0 0 0 0 0 1 1 1 1 0 0 0 0 1 1 1 0 0 1 1 1 1 0 0 0],"[0.166 0.2   0.116 0.175 0.091 0.225 0.15  0.192 0.225 0.208 0.108 0.291
 0.116 0.133 0.108 0.191 0.108 0.116 0.2   0.333 0.191 0.233 0.208 0.225
 0.15  0.083 0.15  0.342]",2,sb_int-additive_comp-absolute_gbatt-true_gbalt-false_lk-none_inh-free,0
433,1,3,209,attraction,A,R,2,decoy,5700.0,0.72,0.68,0.7,10,14,9,1,0,2,False,True,True,[1 1 1 0 0 2 1 0 1 1 0 0 0 2 2 0 0 0 2 2 2 2 0 0],[0 1 1 1 1 0 1 0 0 0 1 0 0 1 0 1 1 1 0 0 1 1 0 1],"[0.325 0.116 0.208 0.166 0.116 0.216 0.317 0.1   0.141 0.208 0.166 0.2
 0.175 0.325 0.258 0.15  0.166 0.1   0.191 0.15  0.116 0.116 0.133 0.158]",0,sb_int-additive_comp-absolute_gbatt-true_gbalt-false_lk-none_inh-free,0
434,1,3,210,compromise,A,M,0,target,12590.0,0.75,0.62,0.88,10,15,9,1,2,0,False,True,True,"[0 1 2 2 2 2 2 2 2 2 2 2 2 2 2 2 2 2 2 0 0 2 2 0 1 1 1 0 1 1 2 2 0 0 0 0 1
 1 1 1 1 0 0 0]","[1 0 0 0 0 0 0 0 1 1 0 0 1 0 0 0 0 0 0 1 1 0 0 1 0 1 1 1 1 0 0 0 0 1 1 0 1
 1 0 0 0 1 0 1]","[0.1      0.216    0.166    0.258    0.534    0.216    0.133    0.125
 0.25     0.108    0.575    0.175    0.25     0.083    0.091    0.125
 0.083    0.2      0.175    0.192    0.241    0.208    0.133    0.166
 0.283    0.242    0.133    0.266    0.216    0.242    0.292    0.617
 0.225    0.125    0.208    0.266    0.141    0.091    0.2      0.15
 0.116    0.375    0.3      0.225542]",2,sb_int-additive_comp-absolute_gbatt-true_gbalt-false_lk-none_inh-free,0
435,1,3,211,compromise,A,R,2,decoy,5500.0,0.78,0.68,0.88,10,15,9,0,1,2,True,True,True,[0 0 1 1 2 2 1 1 2 1 1 2 0 0 1 2 2 2 2 1],[0 0 0 0 0 0 1 1 1 0 0 0 0 1 1 1 1 0 0 0],"[0.283    0.266    0.158    0.116    0.267    0.125    0.175    0.175
 0.325    0.183    0.116    0.292    0.325    0.225    0.241    0.167
 0.25     0.15     0.45     0.150556]",2,sb_int-additive_comp-absolute_gbatt-true_gbalt-false_lk-none_inh-free,0
436,1,3,212,attraction,A,R,0,target,8119.999999999999,0.72,0.62,0.7,11,15,10,2,0,1,False,True,False,[1 1 1 1 2 0 0 0 2 1 1 1 2 2 1 2 0 0 1 2 2 2 2 1 0 0 0 0 0 0 2 2],[0 0 1 1 0 0 1 1 1 1 0 0 1 0 0 1 1 1 0 1 1 0 0 1 0 1 1 0 0 1 1 1],"[0.233   0.083   0.208   0.241   0.292   0.208   0.25    0.125   0.15
 0.3     0.183   0.584   0.25    0.225   0.15    0.191   0.267   0.116
 0.308   0.083   0.35    0.166   0.108   0.183   0.208   0.183   0.208
 0.116   0.091   0.166   0.133   0.23899]",0,sb_int-additive_comp-absolute_gbatt-true_gbalt-false_lk-none_inh-free,0
437,1,3,213,compromise,B,R,1,target,6260.0,0.72,0.65,0.58,10,15,20,0,2,1,True,True,False,[2 0 0 2 1 1 1 1 2 0 0 0 1 1 1 1 1 1 1 0 0 0 0 1],[1 0 0 1 0 1 1 0 0 1 0 0 0 0 1 1 1 0 0 0 0 1 0 0],"[0.125   0.191   0.492   0.158   0.242   0.1     0.216   0.408   0.225
 0.325   0.125   0.175   0.125   0.225   0.108   0.133   0.1     0.217
 0.091   0.233   0.133   0.233   0.241   0.53188]",1,sb_int-additive_comp-absolute_gbatt-true_gbalt-false_lk-none_inh-free,0
438,1,3,214,compromise,A,R,1,competitor,4720.0,0.78,0.68,0.88,11,15,8,0,2,1,True,False,False,[0 0 0 0 0 0 2 2 2 1 1 1 2 0 0 0 0 2 2 1],[0 0 1 1 0 0 1 0 0 0 1 1 1 1 1 0 0 0 1 1],"[0.1      0.108    0.108    0.283    0.2      0.133    0.166    0.166
 0.158    0.233    0.191    0.125    0.425    0.091    0.283    0.158
 0.166    0.208    0.25     0.352853]",0,sb_int-additive_comp-absolute_gbatt-true_gbalt-false_lk-none_inh-free,0
439,1,3,215,filler,,L,2,,11820.0,0.27,0.47,0.86,37,21,11,1,2,0,False,True,True,"[0 2 2 2 0 0 1 0 1 1 1 0 2 2 2 2 0 0 0 0 2 2 2 2 2 2 2 2 0 0 0 1 1 1 1 2 2
 2]","[1 0 0 0 1 1 0 1 1 1 0 1 0 1 1 0 1 1 0 1 0 0 0 0 0 0 0 0 1 1 0 1 1 0 0 1 0
 0]","[0.083    0.233    0.225    0.091    0.266    0.191    0.225    0.208
 0.175    0.191    0.525    0.116    0.375    0.225    0.141    0.208
 0.083    0.458    0.242    0.166    0.292    0.258    0.258    0.367
 0.125    0.233    0.116    0.125    0.175    0.425    0.216    0.216
 0.15     0.175    0.358    0.217    0.241    0.064128]",2,sb_int-additive_comp-absolute_gbatt-true_gbalt-false_lk-none_inh-free,0
440,1,3,216,attraction,B,R,1,target,7270.0,0.72,0.68,0.66,11,14,13,0,2,1,True,True,True,[0 0 2 1 1 1 2 2 0 1 1 1 0 2 0 2 1 2 2 0 2 1 2 0 2 2 1 1 2],[0 0 0 0 0 1 1 0 0 0 1 1 1 0 0 0 0 1 1 1 1 1 1 1 1 1 1 0 0],"[0.225    0.1      0.241    0.141    0.233    0.125    0.166    0.133
 0.233    0.233    0.191    0.225    0.216    0.141    0.2      0.141
 0.275    0.125    0.183    0.175    0.216    0.433    0.141    0.275
 0.158    0.183    0.208    0.091    0.215542]",1,sb_int-additive_comp-absolute_gbatt-true_gbalt-false_lk-none_inh-free,0
441,1,3,217,compromise,B,M,0,competitor,13230.0,0.75,0.62,0.58,10,15,20,1,2,0,True,False,False,"[2 2 2 2 0 0 0 1 1 1 0 0 0 2 2 2 2 0 0 1 1 0 0 1 1 2 2 1 0 0 0 0 2 0 0 2 1
 1 1 1 1 1 2 2 2 0 0 1 1 1 1 0 0]","[1 1 0 0 0 1 1 0 1 1 1 0 0 0 0 1 1 0 1 0 1 0 1 1 1 1 1 1 1 1 1 1 0 0 0 1 1
 1 1 0 0 1 1 0 0 0 0 1 1 0 0 0 1]","[0.183    0.333    0.175    0.175    0.183    0.083    0.108    0.175
 0.258    0.166    0.241    0.275    0.233    0.158    0.191    0.191
 0.1      0.325    0.2      0.175    0.133    0.325    0.133    0.191
 0.266    0.175    0.216    0.342    0.1      0.125    0.108    0.091
 0.225    0.175    0.258    0.467    0.158    0.275    0.283    0.083
 0.216    0.116    0.25     0.141    0.125    0.083    0.166    0.225
 0.25     0.141    0.191    0.483    0.185323]",0,sb_int-additive_comp-absolute_gbatt-true_gbalt-false_lk-none_inh-free,0
442,1,3,218,attraction,A,R,0,target,12410.0,0.78,0.62,0.76,10,15,9,2,1,0,False,False,False,"[2 2 2 2 1 1 0 0 1 2 2 2 1 0 0 0 1 1 2 2 1 1 1 2 1 0 0 0 0 2 2 0 0 0 2 2 2
 0 0 1 1 0 1 0]","[1 1 0 1 0 0 0 0 1 1 0 0 0 0 1 1 1 1 1 0 0 1 1 1 1 1 1 0 1 0 1 0 0 1 1 1 1
 1 1 1 1 1 0 0]","[0.091    0.2      0.166    0.275    0.091    0.375    0.1      0.125
 0.216    0.542    0.158    0.116    0.258    0.225    0.25     0.133
 0.2      0.166    0.367    0.216    0.191    0.091    0.175    0.358
 0.208    0.225    0.15     0.233    0.083    0.216    0.225    0.125
 0.217    0.183    0.125    0.15     0.116    0.417    0.175    0.116
 0.667    0.233    0.308    0.353081]",0,sb_int-additive_comp-absolute_gbatt-true_gbalt-false_lk-none_inh-free,0
443,1,3,219,filler,,L,2,,5030.0,0.27,0.61,0.89,37,16,11,1,2,0,True,True,True,[0 2 0 0 1 0 0 1 2 2 2 2 1 1 2 2 2 1 1],[0 0 0 0 0 1 1 1 1 1 0 0 0 1 1 0 0 0 0],"[0.158 0.258 0.091 0.216 0.383 0.116 0.183 0.317 0.183 0.175 0.158 0.133
 0.3   0.2   0.433 0.166 0.183 0.2   0.241]",2,sb_int-additive_comp-absolute_gbatt-true_gbalt-false_lk-none_inh-free,0
444,1,3,220,attraction,A,R,1,competitor,5840.0,0.72,0.65,0.7,10,15,9,1,2,0,True,False,False,[2 2 0 1 1 1 1 0 2 0 1 1 1 1 1 0 0 2 0 1 1 0 1 1 0 0 2 2],[1 1 0 1 1 0 0 1 0 1 1 1 1 0 0 0 0 1 0 1 1 0 0 0 0 0 1 1],"[0.175   0.241   0.241   0.141   0.258   0.1     0.175   0.158   0.241
 0.166   0.15    0.125   0.4     0.183   0.083   0.241   0.166   0.4
 0.15    0.2     0.225   0.091   0.108   0.133   0.233   0.133   0.091
 0.03148]",0,sb_int-additive_comp-absolute_gbatt-true_gbalt-false_lk-none_inh-free,0
445,1,3,221,attraction,B,R,1,target,11530.0,0.72,0.62,0.6,11,15,14,0,2,1,False,True,True,"[0 0 0 2 2 1 1 0 2 2 2 1 1 1 0 0 0 0 0 0 2 2 1 1 1 1 1 0 0 0 1 1 1 1 0 2 2
 0 0 1 1 2 2 2 1 1 2]","[1 0 0 0 0 0 0 1 0 0 1 0 0 1 1 1 0 0 0 1 0 0 0 0 0 1 1 1 0 0 0 0 1 1 0 1 1
 1 1 1 1 1 0 0 0 1 1]","[0.183    0.192    0.125    0.158    0.175    0.25     0.417    0.342
 0.158    0.2      0.175    0.208    0.191    0.225    0.125    0.091
 0.133    0.1      0.166    0.166    0.183    0.183    0.375    0.517
 0.358    0.216    0.141    0.291    0.15     0.141    0.217    0.358
 0.083    0.158    0.241    0.091    0.158    0.15     0.116    0.141
 0.15     0.225    0.15     0.133    0.342    0.158    0.187091]",0,sb_int-additive_comp-absolute_gbatt-true_gbalt-false_lk-none_inh-free,0
446,1,3,222,attraction,B,R,1,target,4590.0,0.75,0.62,0.6,10,15,14,0,2,1,False,False,False,[0 0 0 0 2 1 1 1 2 0 0 0 1 1 1 0 1 1],[1 1 0 0 0 0 1 1 1 1 0 0 0 0 1 1 1 1],"[0.2    0.141  0.116  0.133  0.233  0.258  0.333  0.35   0.292  0.266
 0.125  0.208  0.166  0.166  0.308  0.191  0.308  0.0182]",0,sb_int-additive_comp-absolute_gbatt-true_gbalt-false_lk-none_inh-free,0
447,1,3,223,filler,,R,2,,7690.0,0.28,0.67,0.78,35,14,12,1,0,2,True,True,False,[0 1 1 1 0 0 1 1 0 0 0 0 0 2 2 2 2 2 1 1 2 2 2 1 1 1 2 2 1 1 2],[0 0 1 1 1 0 0 0 0 0 0 1 1 0 1 1 0 0 1 0 0 0 1 0 1 1 0 0 0 0 0],"[0.158   0.191   0.1     0.1     0.317   0.233   0.425   0.108   0.133
 0.175   0.125   0.091   0.125   0.3     0.2     0.1     0.083   0.083
 0.183   0.358   0.2     0.141   0.225   0.191   0.291   0.383   0.15
 0.216   0.158   0.216   0.10564]",2,sb_int-additive_comp-absolute_gbatt-true_gbalt-false_lk-none_inh-free,0
448,1,3,224,compromise,A,M,0,target,5590.0,0.78,0.65,0.82,11,14,9,1,0,2,True,True,True,[1 1 0 0 2 2 1 2 2 0 2 2 0 0 0 0 0 2 2 0 2 0 0],[0 0 0 0 0 1 1 1 1 1 0 0 0 1 0 0 1 1 1 0 0 0 0],"[0.241    0.2      0.141    0.133    0.292    0.133    0.35     0.15
 0.158    0.108    0.258    0.258    0.2      0.3      0.133    0.267
 0.166    0.225    0.166    0.233    0.333    0.1      0.127273]",0,sb_int-additive_comp-absolute_gbatt-true_gbalt-false_lk-none_inh-free,0
449,1,3,225,attraction,B,L,1,target,8700.0,0.75,0.68,0.66,10,14,13,1,0,2,True,True,True,[0 1 1 0 2 2 0 2 0 0 1 1 1 1 0 2 2 1 1 1 0 2 1 0 2 2 0 0 0 0 1 1 1 1 0],[0 0 0 0 0 0 0 0 0 1 1 1 0 0 0 0 0 0 1 1 1 1 1 1 1 0 0 0 1 0 0 1 0 0 0],"[0.133 0.125 0.083 0.191 0.125 0.25  0.258 0.4   0.141 0.575 0.083 0.141
 0.15  0.216 0.166 0.091 0.191 0.2   0.108 0.175 0.208 0.266 0.191 0.191
 0.25  0.083 0.175 0.158 0.275 0.241 0.183 0.225 0.175 0.183 0.183]",1,sb_int-additive_comp-absolute_gbatt-true_gbalt-false_lk-none_inh-free,0
